-- --------------------------------------------------------
-- Διακομιστής:                  127.0.0.1
-- Έκδοση διακομιστή:            10.4.22-MariaDB - mariadb.org binary distribution
-- Λειτ. σύστημα διακομιστή:     Win64
-- HeidiSQL Έκδοση:              12.0.0.6468
-- --------------------------------------------------------

/*!40101 SET @OLD_CHARACTER_SET_CLIENT=@@CHARACTER_SET_CLIENT */;
/*!40101 SET NAMES utf8 */;
/*!50503 SET NAMES utf8mb4 */;
/*!40103 SET @OLD_TIME_ZONE=@@TIME_ZONE */;
/*!40103 SET TIME_ZONE='+00:00' */;
/*!40014 SET @OLD_FOREIGN_KEY_CHECKS=@@FOREIGN_KEY_CHECKS, FOREIGN_KEY_CHECKS=0 */;
/*!40101 SET @OLD_SQL_MODE=@@SQL_MODE, SQL_MODE='NO_AUTO_VALUE_ON_ZERO' */;
/*!40111 SET @OLD_SQL_NOTES=@@SQL_NOTES, SQL_NOTES=0 */;


-- Dumping database structure for elidek
CREATE DATABASE IF NOT EXISTS `elidek` /*!40100 DEFAULT CHARACTER SET utf8mb4 */;
USE `elidek`;

-- Dumping structure for πίνακας elidek.categories_of_organisations
CREATE TABLE IF NOT EXISTS `categories_of_organisations` (
  `id` int(11) NOT NULL AUTO_INCREMENT,
  `name` varchar(255) NOT NULL,
  `budget_type` varchar(50) NOT NULL COMMENT '1 = Υπουργείο Παιδείας,\n2 = Ιδιωτικές Δράσεις,\n3 = Ίδια Κεφάλαια\n',
  PRIMARY KEY (`id`)
) ENGINE=InnoDB AUTO_INCREMENT=4 DEFAULT CHARSET=utf8mb4;

-- Dumping data for table elidek.categories_of_organisations: ~3 rows (approximately)
DELETE FROM `categories_of_organisations`;
INSERT INTO `categories_of_organisations` (`id`, `name`, `budget_type`) VALUES
	(1, 'Πανεπιστήμιο ', '1'),
	(2, 'Ερευνητικό Κέντρο', '1,2'),
	(3, 'Εταιρία', '3');

-- Dumping structure for πίνακας elidek.deliverables
CREATE TABLE IF NOT EXISTS `deliverables` (
  `id` int(11) NOT NULL AUTO_INCREMENT,
  `project_id` int(11) NOT NULL,
  `title` varchar(255) NOT NULL,
  `summery` varchar(255) NOT NULL,
  `date_of_delivery` date DEFAULT NULL,
  PRIMARY KEY (`id`),
  KEY `deliverables_ibfk_1` (`project_id`),
  CONSTRAINT `deliverables_ibfk_1` FOREIGN KEY (`project_id`) REFERENCES `projects` (`id`) ON DELETE CASCADE ON UPDATE CASCADE
) ENGINE=InnoDB AUTO_INCREMENT=64 DEFAULT CHARSET=utf8mb4;

-- Dumping data for table elidek.deliverables: ~63 rows (approximately)
DELETE FROM `deliverables`;
INSERT INTO `deliverables` (`id`, `project_id`, `title`, `summery`, `date_of_delivery`) VALUES
	(1, 68, 'Παραδοτέο 32', 'Quisque sodales pellentesque ligula, vitae.', '2016-06-21'),
	(2, 32, 'Παραδοτέο 30', 'Lorem ipsum dolor sit amet.', '2021-03-23'),
	(3, 36, 'Παραδοτέο 45', 'Integer vel augue at elit.', '2021-12-23'),
	(4, 65, 'Παραδοτέο 35', 'Nam a nibh et ligula.', '2020-10-24'),
	(5, 4, 'Παραδοτέο 18', 'Quisque sodales pellentesque ligula, vitae.', '2020-11-04'),
	(6, 72, 'Παραδοτέο 36', 'Morbi tempor metus a accumsan.', '2015-08-14'),
	(7, 1, 'Παραδοτέο 26', 'Nam a nibh et ligula.', '2017-11-09'),
	(8, 84, 'Παραδοτέο 5', 'Nam a nibh et ligula.', '2022-12-27'),
	(9, 16, 'Παραδοτέο 34', 'Sed eleifend quis arcu nec.', '2021-05-26'),
	(10, 2, 'Παραδοτέο 43', 'Quisque sodales pellentesque ligula, vitae.', '2015-08-27'),
	(11, 80, 'Παραδοτέο 63', 'Proin lacus leo, condimentum at.', '2020-05-12'),
	(12, 43, 'Παραδοτέο 33', 'Sed a dui molestie, dictum.', '2022-09-25'),
	(13, 41, 'Παραδοτέο 37', 'Morbi tempor metus a accumsan.', '2015-09-07'),
	(14, 24, 'Παραδοτέο 12', 'Nunc id scelerisque nibh. In.', '2021-06-22'),
	(15, 80, 'Παραδοτέο 19', 'Proin lacus leo, condimentum at.', '2017-07-04'),
	(16, 6, 'Παραδοτέο 62', 'Sed sit amet erat ultrices.', '2020-09-05'),
	(17, 82, 'Παραδοτέο 9', 'Nunc id scelerisque nibh. In.', '2018-05-22'),
	(18, 48, 'Παραδοτέο 57', 'Integer vel augue at elit.', '2019-05-10'),
	(19, 21, 'Παραδοτέο 56', 'Proin lacus leo, condimentum at.', '2016-05-24'),
	(20, 14, 'Παραδοτέο 50', 'Quisque sodales pellentesque ligula, vitae.', '2018-06-20'),
	(21, 50, 'Παραδοτέο 14', 'Sed a dui molestie, dictum.', '2015-05-23'),
	(22, 39, 'Παραδοτέο 44', 'Lorem ipsum dolor sit amet.', '2021-07-23'),
	(23, 10, 'Παραδοτέο 7', 'Sed eleifend quis arcu nec.', '2016-04-05'),
	(24, 39, 'Παραδοτέο 10', 'Lorem ipsum dolor sit amet.', '2018-03-11'),
	(25, 32, 'Παραδοτέο 54', 'Morbi tempor metus a accumsan.', '2015-02-14'),
	(26, 38, 'Παραδοτέο 28', 'Lorem ipsum dolor sit amet.', '2020-06-13'),
	(27, 61, 'Παραδοτέο 46', 'Lorem ipsum dolor sit amet.', '2022-05-01'),
	(28, 47, 'Παραδοτέο 27', 'Nam a nibh et ligula.', '2022-05-09'),
	(29, 44, 'Παραδοτέο 40', 'Nam a nibh et ligula.', '2022-01-14'),
	(30, 82, 'Παραδοτέο 3', 'Proin lacus leo, condimentum at.', '2019-10-07'),
	(31, 43, 'Παραδοτέο 6', 'Morbi tempor metus a accumsan.', '2021-11-14'),
	(32, 39, 'Παραδοτέο 38', 'Quisque sodales pellentesque ligula, vitae.', '2020-12-05'),
	(33, 77, 'Παραδοτέο 49', 'Nunc id scelerisque nibh. In.', '2020-01-19'),
	(34, 10, 'Παραδοτέο 4', 'Integer vel augue at elit.', '2015-01-24'),
	(35, 60, 'Παραδοτέο 15', 'Sed eleifend quis arcu nec.', '2021-09-16'),
	(36, 84, 'Παραδοτέο 29', 'Sed sit amet erat ultrices.', '2015-11-12'),
	(37, 32, 'Παραδοτέο 24', 'Sed sit amet erat ultrices.', '2021-04-22'),
	(38, 39, 'Παραδοτέο 25', 'Lorem ipsum dolor sit amet.', '2018-10-13'),
	(39, 20, 'Παραδοτέο 51', 'Integer vel augue at elit.', '2021-08-21'),
	(40, 79, 'Παραδοτέο 22', 'Proin lacus leo, condimentum at.', '2021-01-13'),
	(41, 79, 'Παραδοτέο 59', 'Quisque sodales pellentesque ligula, vitae.', '2016-05-15'),
	(42, 18, 'Παραδοτέο 1', 'Sed eleifend quis arcu nec.', '2021-08-16'),
	(43, 64, 'Παραδοτέο 61', 'Nunc id scelerisque nibh. In.', '2019-09-21'),
	(44, 50, 'Παραδοτέο 41', 'Quisque sodales pellentesque ligula, vitae.', '2017-09-12'),
	(45, 63, 'Παραδοτέο 17', 'Integer vel augue at elit.', '2019-11-16'),
	(46, 37, 'Παραδοτέο 2', 'Sed a dui molestie, dictum.', '2020-06-11'),
	(47, 47, 'Παραδοτέο 23', 'Nam a nibh et ligula.', '2015-05-11'),
	(48, 77, 'Παραδοτέο 55', 'Morbi tempor metus a accumsan.', '2017-08-13'),
	(49, 9, 'Παραδοτέο 20', 'Quisque sodales pellentesque ligula, vitae.', '2016-12-07'),
	(50, 53, 'Παραδοτέο 53', 'Quisque sodales pellentesque ligula, vitae.', '2021-08-20'),
	(51, 57, 'Παραδοτέο 42', 'Integer vel augue at elit.', '2022-12-17'),
	(52, 52, 'Παραδοτέο 58', 'Morbi tempor metus a accumsan.', '2015-01-01'),
	(53, 52, 'Παραδοτέο 21', 'Nunc id scelerisque nibh. In.', '2019-02-05'),
	(54, 43, 'Παραδοτέο 31', 'Integer vel augue at elit.', '2021-08-25'),
	(55, 16, 'Παραδοτέο 60', 'Nunc id scelerisque nibh. In.', '2022-06-03'),
	(56, 37, 'Παραδοτέο 8', 'Sed a dui molestie, dictum.', '2015-10-05'),
	(57, 35, 'Παραδοτέο 48', 'Sed a dui molestie, dictum.', '2016-10-18'),
	(58, 72, 'Παραδοτέο 11', 'Nunc id scelerisque nibh. In.', '2019-08-13'),
	(59, 78, 'Παραδοτέο 39', 'Sed eleifend quis arcu nec.', '2022-06-11'),
	(60, 3, 'Παραδοτέο 13', 'Nam a nibh et ligula.', '2022-07-18'),
	(61, 23, 'Παραδοτέο 52', 'Lorem ipsum dolor sit amet.', '2017-05-17'),
	(62, 27, 'Παραδοτέο 16', 'Morbi tempor metus a accumsan.', '2020-04-12'),
	(63, 82, 'Παραδοτέο 47', 'Sed a dui molestie, dictum.', '2020-03-04');

-- Dumping structure for πίνακας elidek.directorates
CREATE TABLE IF NOT EXISTS `directorates` (
  `id` int(11) NOT NULL AUTO_INCREMENT,
  `name` varchar(255) NOT NULL,
  PRIMARY KEY (`id`)
) ENGINE=InnoDB AUTO_INCREMENT=9 DEFAULT CHARSET=utf8mb4;

-- Dumping data for table elidek.directorates: ~8 rows (approximately)
DELETE FROM `directorates`;
INSERT INTO `directorates` (`id`, `name`) VALUES
	(1, 'ΔΙΕΥΘΥΝΣΗ Α'),
	(2, 'ΔΙΕΥΘΥΝΣΗ Β'),
	(3, 'ΔΙΕΥΘΥΝΣΗ Γ'),
	(4, 'ΔΙΕΥΘΥΝΣΗ Δ'),
	(5, 'ΔΙΕΥΘΥΝΣΗ Ε'),
	(6, 'ΔΙΕΥΘΥΝΣΗ Ζ'),
	(7, 'ΔΙΕΥΘΥΝΣΗ Η'),
	(8, 'ΔΙΕΥΘΥΝΣΗ Θ');

-- Dumping structure for πίνακας elidek.executives
CREATE TABLE IF NOT EXISTS `executives` (
  `id` int(11) NOT NULL AUTO_INCREMENT,
  `name` varchar(255) NOT NULL,
  `surname` varchar(255) NOT NULL,
  `tax_identification_number` varchar(255) NOT NULL,
  PRIMARY KEY (`id`),
  UNIQUE KEY `tax_identification_number` (`tax_identification_number`)
) ENGINE=InnoDB AUTO_INCREMENT=21 DEFAULT CHARSET=utf8mb4;

-- Dumping data for table elidek.executives: ~20 rows (approximately)
DELETE FROM `executives`;
INSERT INTO `executives` (`id`, `name`, `surname`, `tax_identification_number`) VALUES
	(1, 'Οφέλλας', 'Ανδρεάδης', '1797079299'),
	(2, 'Αργεντίνα', 'Αγγειάδου', '3461337553'),
	(3, 'Χαραλαμπία', 'Ναϊδοπούλου', '3405532030'),
	(4, 'Δήμος', 'Παναγούλης', '1644349510'),
	(5, 'Γεωργία', 'Ναζοπούλου', '3462376783'),
	(6, 'Ναζλή', 'Ανεστιάδου', '2954039423'),
	(7, 'Ηλίας', 'Θεοδοσίου', '2085545828'),
	(8, 'Άλκηστη', 'Αμπεριάδου', '6231329183'),
	(9, 'Λυσίας', 'Σκυλακάκης', '4535983623'),
	(10, 'Έφη', 'Αλιμπερτάδου', '4973520589'),
	(11, 'Διαλεχτή', 'Ακακιάδου', '4327557574'),
	(12, 'Αντώνιος', 'Γεωργίου', '3689948132'),
	(13, 'Αθανάσιος', 'Γρηγορίου', '4657465330'),
	(14, 'Αντώνιος', 'Παρασκευαΐδης', '4291655655'),
	(15, 'Ευστάθιος', 'Δημητρόπουλος', '2915300618'),
	(16, 'Γεωργία', 'Αϊβαθιάδου', '4403245352'),
	(17, 'Τιτάνια', 'Κακοπούλου', '3274053034'),
	(18, 'Αθανασία', 'Αϊβατιάδου', '3351432110'),
	(19, 'Φοίβη', 'Ατματζιάδου', '5883164177'),
	(20, 'Σιλβέριος', 'Αλεξόπουλος', '2280280522');

-- Dumping structure for πίνακας elidek.executive_to_project
CREATE TABLE IF NOT EXISTS `executive_to_project` (
  `id` int(11) NOT NULL AUTO_INCREMENT,
  `executive_id` int(11) NOT NULL,
  `project_id` int(11) NOT NULL,
  PRIMARY KEY (`id`),
  UNIQUE KEY `project_id` (`project_id`),
  KEY `executive_to_project_ibfk_1` (`executive_id`),
  CONSTRAINT `executive_to_project_ibfk_1` FOREIGN KEY (`executive_id`) REFERENCES `executives` (`id`) ON UPDATE CASCADE,
  CONSTRAINT `executive_to_project_ibfk_2` FOREIGN KEY (`project_id`) REFERENCES `projects` (`id`) ON DELETE CASCADE
) ENGINE=InnoDB AUTO_INCREMENT=85 DEFAULT CHARSET=utf8mb4;

-- Dumping data for table elidek.executive_to_project: ~84 rows (approximately)
DELETE FROM `executive_to_project`;
INSERT INTO `executive_to_project` (`id`, `executive_id`, `project_id`) VALUES
	(1, 1, 1),
	(2, 18, 2),
	(3, 16, 3),
	(4, 8, 4),
	(5, 3, 5),
	(6, 11, 6),
	(7, 2, 7),
	(8, 16, 8),
	(9, 12, 9),
	(10, 19, 10),
	(11, 20, 11),
	(12, 14, 12),
	(13, 3, 13),
	(14, 6, 14),
	(15, 6, 15),
	(16, 14, 16),
	(17, 4, 17),
	(18, 17, 18),
	(19, 18, 19),
	(20, 13, 20),
	(21, 1, 21),
	(22, 3, 22),
	(23, 9, 23),
	(24, 15, 24),
	(25, 1, 25),
	(26, 12, 26),
	(27, 10, 27),
	(28, 2, 28),
	(29, 15, 29),
	(30, 4, 30),
	(31, 4, 31),
	(32, 18, 32),
	(33, 8, 33),
	(34, 10, 34),
	(35, 14, 35),
	(36, 4, 36),
	(37, 20, 37),
	(38, 10, 38),
	(39, 11, 39),
	(40, 17, 40),
	(41, 20, 41),
	(42, 20, 42),
	(43, 6, 43),
	(44, 13, 44),
	(45, 7, 45),
	(46, 4, 46),
	(47, 7, 47),
	(48, 11, 48),
	(49, 8, 49),
	(50, 16, 50),
	(51, 10, 51),
	(52, 2, 52),
	(53, 9, 53),
	(54, 11, 54),
	(55, 5, 55),
	(56, 13, 56),
	(57, 9, 57),
	(58, 3, 58),
	(59, 20, 59),
	(60, 5, 60),
	(61, 4, 61),
	(62, 16, 62),
	(63, 15, 63),
	(64, 11, 64),
	(65, 20, 65),
	(66, 18, 66),
	(67, 14, 67),
	(68, 20, 68),
	(69, 11, 69),
	(70, 17, 70),
	(71, 7, 71),
	(72, 14, 72),
	(73, 7, 73),
	(74, 14, 74),
	(75, 4, 75),
	(76, 6, 76),
	(77, 16, 77),
	(78, 8, 78),
	(79, 15, 79),
	(80, 2, 80),
	(81, 20, 81),
	(82, 8, 82),
	(83, 19, 83),
	(84, 10, 84);

-- Dumping structure for πίνακας elidek.organizations
CREATE TABLE IF NOT EXISTS `organizations` (
  `id` int(11) NOT NULL AUTO_INCREMENT,
  `name` varchar(255) NOT NULL,
  `abbrevation` varchar(15) NOT NULL,
  `city` varchar(255) NOT NULL,
  `street_name` varchar(255) NOT NULL,
  `street_number` varchar(255) NOT NULL,
  `postal_code` int(5) NOT NULL,
  `category_id` int(11) NOT NULL,
  PRIMARY KEY (`id`),
  KEY `category_id` (`category_id`),
  CONSTRAINT `organizations_ibfk_1` FOREIGN KEY (`category_id`) REFERENCES `categories_of_organisations` (`id`)
) ENGINE=InnoDB AUTO_INCREMENT=51 DEFAULT CHARSET=utf8mb4;

-- Dumping data for table elidek.organizations: ~50 rows (approximately)
DELETE FROM `organizations`;
INSERT INTO `organizations` (`id`, `name`, `abbrevation`, `city`, `street_name`, `street_number`, `postal_code`, `category_id`) VALUES
	(1, 'ΟΡΓΑΝΙΣΜΟΣ 36', 'ΟΡ-36', 'Αλεξανδρούπολη', 'Αστάρτης', '12', 15396, 2),
	(2, 'ΟΡΓΑΝΙΣΜΟΣ 40', 'ΟΡ-40', 'Κιλκίς', 'Βιλάμοβιτς', '19', 12375, 2),
	(3, 'ΟΡΓΑΝΙΣΜΟΣ 48', 'ΟΡ-48', 'Ρέθυμνο', 'Λεγκράν', '67', 38777, 2),
	(4, 'ΟΡΓΑΝΙΣΜΟΣ 8', 'ΟΡ-8', 'Καλύβια Θορικού', 'Βαρθόλα', '41', 64221, 2),
	(5, 'ΟΡΓΑΝΙΣΜΟΣ 10', 'ΟΡ-10', 'Βόλος', 'Δηιάνειρας', '58', 13172, 1),
	(6, 'ΟΡΓΑΝΙΣΜΟΣ 47', 'ΟΡ-47', 'Τρίπολη', 'Λαγκαδά', '80', 58821, 1),
	(7, 'ΟΡΓΑΝΙΣΜΟΣ 26', 'ΟΡ-26', 'Ιωάννινα', 'Σάμου', '68', 63369, 2),
	(8, 'ΟΡΓΑΝΙΣΜΟΣ 43', 'ΟΡ-43', 'Κέρκυρα', 'Διάκου', '66', 38166, 2),
	(9, 'ΟΡΓΑΝΙΣΜΟΣ 29', 'ΟΡ-29', 'Καστοριά', 'Ντέιδεν', '35', 38898, 1),
	(10, 'ΟΡΓΑΝΙΣΜΟΣ 1', 'ΟΡ-1', 'Ορεστιάδα', 'Αλεξάνδρου', '68', 30742, 2),
	(11, 'ΟΡΓΑΝΙΣΜΟΣ 18', 'ΟΡ-18', 'Γέρακας', 'Ναυπλίου', '86', 33878, 3),
	(12, 'ΟΡΓΑΝΙΣΜΟΣ 42', 'ΟΡ-42', 'Δράμα', 'Αθανασίου', '96', 49487, 3),
	(13, 'ΟΡΓΑΝΙΣΜΟΣ 17', 'ΟΡ-17', 'Λαμία', 'Λεγκράν', '73', 69293, 2),
	(14, 'ΟΡΓΑΝΙΣΜΟΣ 11', 'ΟΡ-11', 'Μάνδρα', 'Αθανασίου', '101', 39403, 2),
	(15, 'ΟΡΓΑΝΙΣΜΟΣ 23', 'ΟΡ-23', 'Ναύπλιο', 'Ράνκε', '106', 64737, 2),
	(16, 'ΟΡΓΑΝΙΣΜΟΣ 30', 'ΟΡ-30', 'Καρδίτσα', 'Φάρου', '56', 35738, 2),
	(17, 'ΟΡΓΑΝΙΣΜΟΣ 50', 'ΟΡ-50', 'Σέρρες', 'Ουάσιγκτων', '71', 24361, 3),
	(18, 'ΟΡΓΑΝΙΣΜΟΣ 45', 'ΟΡ-45', 'Ναύπακτος', 'Κρέμου', '91', 34562, 2),
	(19, 'ΟΡΓΑΝΙΣΜΟΣ 31', 'ΟΡ-31', 'Πάτρα', 'Ψαρρών', '46', 18657, 1),
	(20, 'ΟΡΓΑΝΙΣΜΟΣ 24', 'ΟΡ-24', 'Μυτιλήνη', 'Ραφενέλ', '67', 25796, 1),
	(21, 'ΟΡΓΑΝΙΣΜΟΣ 22', 'ΟΡ-22', 'Κάλυμνος (Πόθια)', 'Σπύρου Λάμπρου', '90', 15969, 1),
	(22, 'ΟΡΓΑΝΙΣΜΟΣ 12', 'ΟΡ-12', 'Σπάρτη', 'Διάκου', '55', 21876, 3),
	(23, 'ΟΡΓΑΝΙΣΜΟΣ 14', 'ΟΡ-14', 'Περαία', 'Κρέμου', '101', 34885, 2),
	(24, 'ΟΡΓΑΝΙΣΜΟΣ 19', 'ΟΡ-19', 'Χίος', 'Ουάσιγκτων', '31', 36919, 1),
	(25, 'ΟΡΓΑΝΙΣΜΟΣ 35', 'ΟΡ-35', 'Άγιος Νικόλαος', 'Αρκαδίου', '18', 40774, 1),
	(26, 'ΟΡΓΑΝΙΣΜΟΣ 6', 'ΟΡ-6', 'Λουτράκι', 'Ιωάννου Ασφή', '15', 66958, 2),
	(27, 'ΟΡΓΑΝΙΣΜΟΣ 38', 'ΟΡ-38', 'Παιανία', 'Αύρας', '73', 39290, 3),
	(28, 'ΟΡΓΑΝΙΣΜΟΣ 7', 'ΟΡ-7', 'Νάουσα', 'Αύρας', '24', 23473, 2),
	(29, 'ΟΡΓΑΝΙΣΜΟΣ 4', 'ΟΡ-4', 'Αθήνα', 'Αρκαδίου', '106', 55397, 3),
	(30, 'ΟΡΓΑΝΙΣΜΟΣ 37', 'ΟΡ-37', 'Πτολεμαΐδα', 'Ιωάννου Ασφή', '81', 65677, 1),
	(31, 'ΟΡΓΑΝΙΣΜΟΣ 49', 'ΟΡ-49', 'Μέγαρα', 'Ναυπλίου', '88', 30836, 3),
	(32, 'ΟΡΓΑΝΙΣΜΟΣ 9', 'ΟΡ-9', 'Λιβαδειά', 'Βιλάμοβιτς', '51', 48147, 3),
	(33, 'ΟΡΓΑΝΙΣΜΟΣ 44', 'ΟΡ-44', 'Παλλήνη', 'Πλατεία Ελευθερίας', '25', 56845, 3),
	(34, 'ΟΡΓΑΝΙΣΜΟΣ 16', 'ΟΡ-16', 'Ωραιόκαστρο', 'Λαγκαδά', '83', 43577, 1),
	(35, 'ΟΡΓΑΝΙΣΜΟΣ 46', 'ΟΡ-46', 'Γιαννιτσά', 'Κρουμβάχερ', '81', 62756, 2),
	(36, 'ΟΡΓΑΝΙΣΜΟΣ 32', 'ΟΡ-32', 'Ελευσίνα', 'Αλεξάνδρου', '67', 60293, 3),
	(37, 'ΟΡΓΑΝΙΣΜΟΣ 3', 'ΟΡ-3', 'Κως', 'Αρητιάδος', '24', 25574, 1),
	(38, 'ΟΡΓΑΝΙΣΜΟΣ 21', 'ΟΡ-21', 'Σαλαμίνα', 'Περνώ', '30', 34023, 1),
	(39, 'ΟΡΓΑΝΙΣΜΟΣ 33', 'ΟΡ-33', 'Γάζι', 'Άλσους', '32', 38833, 3),
	(40, 'ΟΡΓΑΝΙΣΜΟΣ 20', 'ΟΡ-20', 'Καβάλα', 'Περικλέους', '99', 65196, 3),
	(41, 'ΟΡΓΑΝΙΣΜΟΣ 39', 'ΟΡ-39', 'Βάρη', 'Βαρθόλα', '15', 60298, 1),
	(42, 'ΟΡΓΑΝΙΣΜΟΣ 34', 'ΟΡ-34', 'Κορωπί', 'Αρητιάδος', '31', 44586, 1),
	(43, 'ΟΡΓΑΝΙΣΜΟΣ 2', 'ΟΡ-2', 'Χανιά', 'Άλσους', '109', 11162, 3),
	(44, 'ΟΡΓΑΝΙΣΜΟΣ 5', 'ΟΡ-5', 'Νέα Μάκρη', 'Αστάρτης', '56', 44287, 3),
	(45, 'ΟΡΓΑΝΙΣΜΟΣ 25', 'ΟΡ-25', 'Καλαμάτα', 'Σαμαρίνας', '36', 34923, 2),
	(46, 'ΟΡΓΑΝΙΣΜΟΣ 41', 'ΟΡ-41', 'Άργος', 'Δηιάνειρας', '76', 24543, 1),
	(47, 'ΟΡΓΑΝΙΣΜΟΣ 27', 'ΟΡ-27', 'Πύργος', 'Σπηλιάδου', '44', 55288, 1),
	(48, 'ΟΡΓΑΝΙΣΜΟΣ 28', 'ΟΡ-28', 'Φλώρινα', 'Τρόιζεν', '79', 21687, 3),
	(49, 'ΟΡΓΑΝΙΣΜΟΣ 15', 'ΟΡ-15', 'Κόρινθος', 'Κρουμβάχερ', '3', 37687, 2),
	(50, 'ΟΡΓΑΝΙΣΜΟΣ 13', 'ΟΡ-13', 'Αγρίνιο', 'Πλατεία Ελευθερίας', '26', 57859, 1);

-- Dumping structure for πίνακας elidek.organization_phone_number
CREATE TABLE IF NOT EXISTS `organization_phone_number` (
  `id` int(11) NOT NULL AUTO_INCREMENT,
  `organization_id` int(11) NOT NULL,
  `number` varchar(15) NOT NULL,
  PRIMARY KEY (`id`),
  UNIQUE KEY `number` (`number`),
  KEY `organization_id` (`organization_id`),
  CONSTRAINT `organization_phone_number_organizations_id_fk` FOREIGN KEY (`organization_id`) REFERENCES `organizations` (`id`) ON DELETE CASCADE
) ENGINE=InnoDB AUTO_INCREMENT=101 DEFAULT CHARSET=utf8mb4;

-- Dumping data for table elidek.organization_phone_number: ~100 rows (approximately)
DELETE FROM `organization_phone_number`;
INSERT INTO `organization_phone_number` (`id`, `organization_id`, `number`) VALUES
	(1, 1, '2378926386'),
	(2, 2, '2351334008'),
	(3, 3, '2116763467'),
	(4, 4, '2504556196'),
	(5, 5, '2117510085'),
	(6, 6, '2386056524'),
	(7, 7, '2280676499'),
	(8, 8, '2524082443'),
	(9, 9, '2149711657'),
	(10, 10, '2160621279'),
	(11, 11, '2163273078'),
	(12, 12, '2296708198'),
	(13, 13, '2251192300'),
	(14, 14, '2249905987'),
	(15, 15, '2217876930'),
	(16, 16, '2413428274'),
	(17, 17, '2126716388'),
	(18, 18, '2423759787'),
	(19, 19, '2231855799'),
	(20, 20, '2339698837'),
	(21, 21, '2443271941'),
	(22, 22, '2468972189'),
	(23, 23, '2233565878'),
	(24, 24, '2205633719'),
	(25, 25, '2443071425'),
	(26, 26, '2244433489'),
	(27, 27, '2130695534'),
	(28, 28, '2287490927'),
	(29, 29, '2271962328'),
	(30, 30, '2449667951'),
	(31, 31, '2507167709'),
	(32, 32, '2337394758'),
	(33, 33, '2383738282'),
	(34, 34, '2499016495'),
	(35, 35, '2436527482'),
	(36, 36, '2121097620'),
	(37, 37, '2437821931'),
	(38, 38, '2367017923'),
	(39, 39, '2362332018'),
	(40, 40, '2519911925'),
	(41, 41, '2365213971'),
	(42, 42, '2503610477'),
	(43, 43, '2376776895'),
	(44, 44, '2114222946'),
	(45, 45, '2108003988'),
	(46, 46, '2216143774'),
	(47, 47, '2373186782'),
	(48, 48, '2242257604'),
	(49, 49, '2255277947'),
	(50, 50, '2250747197'),
	(51, 1, '2110660946'),
	(52, 2, '2356724993'),
	(53, 3, '2432003763'),
	(54, 4, '2331758800'),
	(55, 5, '2139953318'),
	(56, 6, '2201166444'),
	(57, 7, '2129241009'),
	(58, 8, '2260889322'),
	(59, 9, '2235004022'),
	(60, 10, '2418014496'),
	(61, 11, '2481516407'),
	(62, 12, '2175745379'),
	(63, 13, '2256491074'),
	(64, 14, '2328615654'),
	(65, 15, '2342935034'),
	(66, 16, '2452229018'),
	(67, 17, '2374950529'),
	(68, 18, '2463884072'),
	(69, 19, '2492919398'),
	(70, 20, '2217754568'),
	(71, 21, '2192363270'),
	(72, 22, '2224792588'),
	(73, 23, '2391410431'),
	(74, 24, '2126145135'),
	(75, 25, '2101813093'),
	(76, 26, '2271838007'),
	(77, 27, '2207373272'),
	(78, 28, '2354093354'),
	(79, 29, '2195332144'),
	(80, 30, '2498899373'),
	(81, 31, '2416872461'),
	(82, 32, '2234763357'),
	(83, 33, '2456170951'),
	(84, 34, '2168664345'),
	(85, 35, '2142114922'),
	(86, 36, '2265026637'),
	(87, 37, '2483227531'),
	(88, 38, '2167516081'),
	(89, 39, '2486858114'),
	(90, 40, '2191992716'),
	(91, 41, '2163499754'),
	(92, 42, '2499136381'),
	(93, 43, '2462379343'),
	(94, 44, '2223271146'),
	(95, 45, '2382552338'),
	(96, 46, '2314995163'),
	(97, 47, '2506512769'),
	(98, 48, '2343154777'),
	(99, 49, '2306316334'),
	(100, 50, '2305981810');

-- Dumping structure for πίνακας elidek.programmes
CREATE TABLE IF NOT EXISTS `programmes` (
  `id` int(11) NOT NULL AUTO_INCREMENT,
  `name` varchar(255) NOT NULL,
  `name_of_directorate` varchar(255) NOT NULL,
  PRIMARY KEY (`id`)
) ENGINE=InnoDB AUTO_INCREMENT=57 DEFAULT CHARSET=utf8mb4;

-- Dumping data for table elidek.programmes: ~56 rows (approximately)
DELETE FROM `programmes`;
INSERT INTO `programmes` (`id`, `name`, `name_of_directorate`) VALUES
	(1, 'ΕΘΝΙΚΗ ΧΡΗΜΑΔΟΤΗΣΗ ΓΙΑ ΠΟΛΕΙΣ  B', 'ΔΙΕΥΘΥΝΣΗ Β'),
	(2, 'ΕΣΠΑ ΓΙΑ ΔΗΜΟΥΣ  A', 'ΔΙΕΥΘΥΝΣΗ Α'),
	(3, 'ΕΘΝΙΚΗ ΧΡΗΜΑΔΟΤΗΣΗ ΓΙΑ ΧΩΡΙΑ  Ε', 'ΔΙΕΥΘΥΝΣΗ Γ'),
	(4, 'ΞΕΝΗ ΕΠΕΝΔΥΣΗ ΔΑ', 'ΔΙΕΥΘΥΝΣΗ Δ'),
	(5, 'ΕΣΠΑ ΓΙΑ ΔΗΜΟΥΣ  Ζ', 'ΔΙΕΥΘΥΝΣΗ Δ'),
	(6, 'ΕΘΝΙΚΗ ΧΡΗΜΑΔΟΤΗΣΗ ΓΙΑ ΧΩΡΙΑ  Θ', 'ΔΙΕΥΘΥΝΣΗ Ε'),
	(7, 'ΕΣΠΑ ΓΙΑ ΠΕΡΙΦΕΡΕΙΕΣ  Η', 'ΔΙΕΥΘΥΝΣΗ Α'),
	(8, 'ΞΕΝΗ ΕΠΕΝΔΥΣΗ Θ', 'ΔΙΕΥΘΥΝΣΗ Θ'),
	(9, 'ΕΣΠΑ ΓΙΑ ΠΕΡΙΦΕΡΕΙΕΣ  B', 'ΔΙΕΥΘΥΝΣΗ Ε'),
	(10, 'ΕΣΠΑ ΓΙΑ ΠΕΡΙΦΕΡΕΙΕΣ  Δ', 'ΔΙΕΥΘΥΝΣΗ Ε'),
	(11, 'ΕΣΠΑ ΓΙΑ ΠΕΡΙΦΕΡΕΙΕΣ  Θ', 'ΔΙΕΥΘΥΝΣΗ Γ'),
	(12, 'ΞΕΝΗ ΕΠΕΝΔΥΣΗ ΔΒ', 'ΔΙΕΥΘΥΝΣΗ Δ'),
	(13, 'ΞΕΝΗ ΕΠΕΝΔΥΣΗ ΑΒ', 'ΔΙΕΥΘΥΝΣΗ Α'),
	(14, 'ΕΘΝΙΚΗ ΧΡΗΜΑΔΟΤΗΣΗ ΓΙΑ ΠΟΛΕΙΣ  Δ', 'ΔΙΕΥΘΥΝΣΗ Β'),
	(15, 'ΕΘΝΙΚΗ ΧΡΗΜΑΔΟΤΗΣΗ ΓΙΑ ΧΩΡΙΑ  B', 'ΔΙΕΥΘΥΝΣΗ Β'),
	(16, 'ΞΕΝΗ ΕΠΕΝΔΥΣΗ ΒΒ', 'ΔΙΕΥΘΥΝΣΗ Β'),
	(17, 'ΕΣΠΑ ΓΙΑ ΠΕΡΙΦΕΡΕΙΕΣ  Ε', 'ΔΙΕΥΘΥΝΣΗ Γ'),
	(18, 'ΕΣΠΑ ΓΙΑ ΔΗΜΟΥΣ  Θ', 'ΔΙΕΥΘΥΝΣΗ Γ'),
	(19, 'ΞΕΝΗ ΕΠΕΝΔΥΣΗ ΖΒ', 'ΔΙΕΥΘΥΝΣΗ Ζ'),
	(20, 'ΞΕΝΗ ΕΠΕΝΔΥΣΗ Α', 'ΔΙΕΥΘΥΝΣΗ Α'),
	(21, 'ΞΕΝΗ ΕΠΕΝΔΥΣΗ ΓΑ', 'ΔΙΕΥΘΥΝΣΗ Γ'),
	(22, 'ΕΣΠΑ ΓΙΑ ΠΕΡΙΦΕΡΕΙΕΣ  A', 'ΔΙΕΥΘΥΝΣΗ Ε'),
	(23, 'ΕΣΠΑ ΓΙΑ ΔΗΜΟΥΣ  Γ', 'ΔΙΕΥΘΥΝΣΗ Γ'),
	(24, 'ΞΕΝΗ ΕΠΕΝΔΥΣΗ Η', 'ΔΙΕΥΘΥΝΣΗ Η'),
	(25, 'ΕΘΝΙΚΗ ΧΡΗΜΑΔΟΤΗΣΗ ΓΙΑ ΠΟΛΕΙΣ  Θ', 'ΔΙΕΥΘΥΝΣΗ Γ'),
	(26, 'ΕΘΝΙΚΗ ΧΡΗΜΑΔΟΤΗΣΗ ΓΙΑ ΧΩΡΙΑ  A', 'ΔΙΕΥΘΥΝΣΗ Γ'),
	(27, 'ΕΣΠΑ ΓΙΑ ΠΕΡΙΦΕΡΕΙΕΣ  Ζ', 'ΔΙΕΥΘΥΝΣΗ Γ'),
	(28, 'ΞΕΝΗ ΕΠΕΝΔΥΣΗ Β', 'ΔΙΕΥΘΥΝΣΗ Β'),
	(29, 'ΕΘΝΙΚΗ ΧΡΗΜΑΔΟΤΗΣΗ ΓΙΑ ΠΟΛΕΙΣ  A', 'ΔΙΕΥΘΥΝΣΗ Β'),
	(30, 'ΞΕΝΗ ΕΠΕΝΔΥΣΗ ΖΑ', 'ΔΙΕΥΘΥΝΣΗ Ζ'),
	(31, 'ΕΣΠΑ ΓΙΑ ΠΕΡΙΦΕΡΕΙΕΣ  Γ', 'ΔΙΕΥΘΥΝΣΗ Ε'),
	(32, 'ΞΕΝΗ ΕΠΕΝΔΥΣΗ ΕΒ', 'ΔΙΕΥΘΥΝΣΗ Ε'),
	(33, 'ΕΘΝΙΚΗ ΧΡΗΜΑΔΟΤΗΣΗ ΓΙΑ ΧΩΡΙΑ  Δ', 'ΔΙΕΥΘΥΝΣΗ Γ'),
	(34, 'ΕΣΠΑ ΓΙΑ ΔΗΜΟΥΣ  Ε', 'ΔΙΕΥΘΥΝΣΗ Γ'),
	(35, 'ΞΕΝΗ ΕΠΕΝΔΥΣΗ ΓΒ', 'ΔΙΕΥΘΥΝΣΗ Γ'),
	(36, 'ΞΕΝΗ ΕΠΕΝΔΥΣΗ Δ', 'ΔΙΕΥΘΥΝΣΗ Δ'),
	(37, 'ΞΕΝΗ ΕΠΕΝΔΥΣΗ Ζ', 'ΔΙΕΥΘΥΝΣΗ Ζ'),
	(38, 'ΞΕΝΗ ΕΠΕΝΔΥΣΗ ΒΑ', 'ΔΙΕΥΘΥΝΣΗ Β'),
	(39, 'ΕΣΠΑ ΓΙΑ ΔΗΜΟΥΣ  Η', 'ΔΙΕΥΘΥΝΣΗ Β'),
	(40, 'ΞΕΝΗ ΕΠΕΝΔΥΣΗ ΗΑ', 'ΔΙΕΥΘΥΝΣΗ Η'),
	(41, 'ΕΣΠΑ ΓΙΑ ΔΗΜΟΥΣ  Δ', 'ΔΙΕΥΘΥΝΣΗ Γ'),
	(42, 'ΞΕΝΗ ΕΠΕΝΔΥΣΗ ΘΒ', 'ΔΙΕΥΘΥΝΣΗ Θ'),
	(43, 'ΕΘΝΙΚΗ ΧΡΗΜΑΔΟΤΗΣΗ ΓΙΑ ΧΩΡΙΑ  Γ', 'ΔΙΕΥΘΥΝΣΗ Ε'),
	(44, 'ΞΕΝΗ ΕΠΕΝΔΥΣΗ ΕΑ', 'ΔΙΕΥΘΥΝΣΗ Ε'),
	(45, 'ΕΘΝΙΚΗ ΧΡΗΜΑΔΟΤΗΣΗ ΓΙΑ ΧΩΡΙΑ  Η', 'ΔΙΕΥΘΥΝΣΗ Α'),
	(46, 'ΕΘΝΙΚΗ ΧΡΗΜΑΔΟΤΗΣΗ ΓΙΑ ΧΩΡΙΑ  Ζ', 'ΔΙΕΥΘΥΝΣΗ Α'),
	(47, 'ΕΘΝΙΚΗ ΧΡΗΜΑΔΟΤΗΣΗ ΓΙΑ ΠΟΛΕΙΣ  Γ', 'ΔΙΕΥΘΥΝΣΗ Β'),
	(48, 'ΞΕΝΗ ΕΠΕΝΔΥΣΗ Ε', 'ΔΙΕΥΘΥΝΣΗ Ε'),
	(49, 'ΞΕΝΗ ΕΠΕΝΔΥΣΗ Γ', 'ΔΙΕΥΘΥΝΣΗ Γ'),
	(50, 'ΕΣΠΑ ΓΙΑ ΔΗΜΟΥΣ  B', 'ΔΙΕΥΘΥΝΣΗ Γ'),
	(51, 'ΞΕΝΗ ΕΠΕΝΔΥΣΗ ΗΒ', 'ΔΙΕΥΘΥΝΣΗ Η'),
	(52, 'ΞΕΝΗ ΕΠΕΝΔΥΣΗ ΘΑ', 'ΔΙΕΥΘΥΝΣΗ Θ'),
	(53, 'ΕΘΝΙΚΗ ΧΡΗΜΑΔΟΤΗΣΗ ΓΙΑ ΠΟΛΕΙΣ  Ε', 'ΔΙΕΥΘΥΝΣΗ Β'),
	(54, 'ΕΘΝΙΚΗ ΧΡΗΜΑΔΟΤΗΣΗ ΓΙΑ ΠΟΛΕΙΣ  Η', 'ΔΙΕΥΘΥΝΣΗ Δ'),
	(55, 'ΞΕΝΗ ΕΠΕΝΔΥΣΗ ΑΑ', 'ΔΙΕΥΘΥΝΣΗ Α'),
	(56, 'ΕΘΝΙΚΗ ΧΡΗΜΑΔΟΤΗΣΗ ΓΙΑ ΠΟΛΕΙΣ  Ζ', 'ΔΙΕΥΘΥΝΣΗ Δ');

-- Dumping structure for πίνακας elidek.projects
CREATE TABLE IF NOT EXISTS `projects` (
  `id` int(11) NOT NULL AUTO_INCREMENT,
  `title` varchar(255) NOT NULL,
  `summery` varchar(255) DEFAULT NULL,
  `amount_of_fund` decimal(10,4) NOT NULL CHECK (`amount_of_fund` between 100000 and 100000000),
  `duration` int(1) NOT NULL CHECK (`duration` between 1 and 4),
  `start_date` date NOT NULL,
  `expiry_date` date NOT NULL,
  `responsible_researcher_id` int(11) NOT NULL,
  `manager_organization_id` int(11) NOT NULL,
  `funding_programme_id` int(11) NOT NULL,
  PRIMARY KEY (`id`),
  KEY `projects_ibfk_1` (`responsible_researcher_id`),
  KEY `projects_ibfk_2` (`manager_organization_id`),
  KEY `projects_ibfk_3` (`funding_programme_id`),
  CONSTRAINT `projects_ibfk_1` FOREIGN KEY (`responsible_researcher_id`) REFERENCES `researchers` (`id`) ON UPDATE CASCADE,
  CONSTRAINT `projects_ibfk_2` FOREIGN KEY (`manager_organization_id`) REFERENCES `organizations` (`id`) ON UPDATE CASCADE,
  CONSTRAINT `projects_ibfk_3` FOREIGN KEY (`funding_programme_id`) REFERENCES `programmes` (`id`) ON UPDATE CASCADE
) ENGINE=InnoDB AUTO_INCREMENT=125 DEFAULT CHARSET=utf8mb4;

-- Dumping data for table elidek.projects: ~121 rows (approximately)
DELETE FROM `projects`;
INSERT INTO `projects` (`id`, `title`, `summery`, `amount_of_fund`, `duration`, `start_date`, `expiry_date`, `responsible_researcher_id`, `manager_organization_id`, `funding_programme_id`) VALUES
	(1, 'ΕΡΓΟ 14', 'Sed eleifend quis arcu nec.', 873563.0000, 4, '2021-06-02', '2025-06-02', 42, 25, 41),
	(2, 'ΕΠΙΧΟΡΗΓΗΣΗ 38', 'Sed a dui molestie, dictum.', 549591.0000, 2, '2008-12-14', '2010-12-14', 30, 18, 31),
	(3, 'ΔΑ ΕΡΓΟ', 'Proin lacus leo, condimentum at.', 437014.0000, 4, '2001-12-04', '2005-12-04', 31, 18, 53),
	(4, 'ΗΑ ΕΠΙΧΟΡΗΓΗΣΗ', 'Integer vel augue at elit.', 679866.0000, 3, '2002-03-07', '2005-03-07', 33, 8, 27),
	(5, 'ΖΑ ΕΠΙΧΟΡΗΓΗΣΗ', 'Nam a nibh et ligula.', 537913.0000, 3, '2007-07-19', '2010-07-19', 89, 17, 36),
	(6, 'ΔΒ ΕΡΓΟ', 'Morbi tempor metus a accumsan.', 992878.0000, 2, '2010-01-15', '2012-01-15', 46, 9, 30),
	(7, 'ΕΡΓΟ 4', 'Sed eleifend quis arcu nec.', 208219.0000, 3, '2019-07-24', '2022-07-24', 44, 23, 49),
	(8, 'ΑΒ ΕΠΙΧΟΡΗΓΗΣΗ', 'Sed a dui molestie, dictum.', 371052.0000, 2, '2008-06-02', '2010-06-02', 85, 6, 11),
	(9, 'ΕΡΓΟ 19', 'Nunc id scelerisque nibh. In.', 446019.0000, 4, '2003-07-11', '2007-07-11', 37, 1, 36),
	(10, 'ΕΡΓΟ 1', 'Lorem ipsum dolor sit amet.', 181893.0000, 3, '2019-01-14', '2022-01-14', 19, 21, 7),
	(11, 'ΕΠΙΧΟΡΗΓΗΣΗ 39', 'Nunc id scelerisque nibh. In.', 550846.0000, 3, '2017-10-26', '2020-10-26', 3, 4, 6),
	(12, 'ΓΒ ΕΡΓΟ', 'Nunc id scelerisque nibh. In.', 989284.0000, 1, '2003-10-16', '2004-10-16', 17, 25, 15),
	(13, 'ΕΡΓΟ 16', 'Nam a nibh et ligula.', 848376.0000, 2, '2003-04-17', '2005-04-17', 95, 24, 51),
	(14, 'Ε ΕΠΙΧΟΡΗΓΗΣΗ', 'Sed a dui molestie, dictum.', 837607.0000, 2, '2007-10-18', '2009-10-18', 62, 4, 26),
	(15, 'ΗΒ ΕΠΙΧΟΡΗΓΗΣΗ', 'Sed eleifend quis arcu nec.', 176876.0000, 3, '2011-08-05', '2014-08-05', 28, 17, 18),
	(16, 'ΑΑ ΕΡΓΟ', 'Morbi tempor metus a accumsan.', 511350.0000, 4, '2011-05-08', '2015-05-08', 96, 23, 43),
	(17, 'Ε ΕΡΓΟ', 'Integer vel augue at elit.', 267181.0000, 1, '2001-06-09', '2002-06-09', 85, 7, 31),
	(18, 'ΖΒ ΕΡΓΟ', 'Quisque sodales pellentesque ligula, vitae.', 743555.0000, 4, '2020-09-18', '2024-09-18', 32, 29, 56),
	(19, 'ΗΒ ΕΡΓΟ', 'Proin lacus leo, condimentum at.', 694327.0000, 2, '2016-06-14', '2018-06-14', 97, 27, 54),
	(20, 'ΕΡΓΟ 12', 'Quisque sodales pellentesque ligula, vitae.', 459659.0000, 4, '2007-03-03', '2011-03-03', 79, 7, 3),
	(21, 'ΕΡΓΟ 9', 'Nunc id scelerisque nibh. In.', 703319.0000, 2, '2007-08-09', '2009-08-09', 58, 7, 43),
	(22, 'ΖΒ ΕΠΙΧΟΡΗΓΗΣΗ', 'Proin lacus leo, condimentum at.', 871608.0000, 1, '2020-01-08', '2021-01-08', 21, 27, 46),
	(23, 'Γ ΕΠΙΧΟΡΗΓΗΣΗ', 'Nam a nibh et ligula.', 458791.0000, 4, '2014-06-18', '2018-06-18', 45, 3, 28),
	(24, 'ΕΠΙΧΟΡΗΓΗΣΗ 35', 'Sed sit amet erat ultrices.', 759693.0000, 2, '2022-12-08', '2024-12-08', 32, 14, 46),
	(25, 'ΕΡΓΟ 11', 'Lorem ipsum dolor sit amet.', 160862.0000, 2, '2013-06-24', '2015-06-24', 31, 4, 28),
	(26, 'Δ ΕΡΓΟ', 'Nam a nibh et ligula.', 357464.0000, 3, '2012-04-21', '2015-04-21', 97, 23, 34),
	(27, 'ΕΠΙΧΟΡΗΓΗΣΗ 36', 'Nam a nibh et ligula.', 833291.0000, 2, '2014-01-07', '2016-01-07', 37, 4, 7),
	(28, 'ΕΠΙΧΟΡΗΓΗΣΗ 41', 'Lorem ipsum dolor sit amet.', 370799.0000, 3, '2000-09-12', '2003-09-12', 58, 7, 34),
	(29, 'ΕΡΓΟ 15', 'Sed sit amet erat ultrices.', 749743.0000, 4, '2008-09-14', '2012-09-14', 29, 18, 9),
	(30, 'ΔΒ ΕΠΙΧΟΡΗΓΗΣΗ', 'Lorem ipsum dolor sit amet.', 819433.0000, 2, '2006-05-05', '2008-05-05', 46, 28, 44),
	(31, 'ΑΒ ΕΡΓΟ', 'Integer vel augue at elit.', 675328.0000, 3, '2014-05-25', '2017-05-25', 13, 24, 36),
	(32, 'ΕΒ ΕΠΙΧΟΡΗΓΗΣΗ', 'Quisque sodales pellentesque ligula, vitae.', 371973.0000, 1, '2019-08-12', '2020-08-12', 11, 7, 16),
	(33, 'ΕΡΓΟ 8', 'Sed a dui molestie, dictum.', 368977.0000, 1, '2018-01-21', '2019-01-21', 31, 10, 27),
	(34, 'ΕΑ ΕΡΓΟ', 'Sed eleifend quis arcu nec.', 525217.0000, 4, '2008-07-06', '2012-07-06', 76, 16, 54),
	(35, 'ΕΡΓΟ 6', 'Nam a nibh et ligula.', 760353.0000, 2, '2013-09-07', '2015-09-07', 94, 5, 26),
	(36, 'ΕΡΓΟ 10', 'Morbi tempor metus a accumsan.', 490994.0000, 4, '2012-11-23', '2016-11-23', 91, 23, 25),
	(37, 'ΓΒ ΕΠΙΧΟΡΗΓΗΣΗ', 'Morbi tempor metus a accumsan.', 914556.0000, 2, '2018-08-08', '2020-08-08', 36, 15, 21),
	(38, 'ΒΑ ΕΠΙΧΟΡΗΓΗΣΗ', 'Quisque sodales pellentesque ligula, vitae.', 138577.0000, 2, '2013-09-27', '2015-09-27', 88, 17, 40),
	(39, 'ΕΠΙΧΟΡΗΓΗΣΗ 34', 'Sed eleifend quis arcu nec.', 538906.0000, 4, '2005-07-04', '2009-07-04', 34, 28, 11),
	(40, 'ΗΑ ΕΡΓΟ', 'Nam a nibh et ligula.', 577128.0000, 1, '2004-06-25', '2005-06-25', 72, 30, 36),
	(41, 'ΕΠΙΧΟΡΗΓΗΣΗ 32', 'Quisque sodales pellentesque ligula, vitae.', 379678.0000, 3, '2006-04-13', '2009-04-13', 9, 28, 1),
	(42, 'ΕΡΓΟ 7', 'Integer vel augue at elit.', 447294.0000, 3, '2014-11-10', '2017-11-10', 9, 6, 18),
	(43, 'ΕΠΙΧΟΡΗΓΗΣΗ 22', 'Quisque sodales pellentesque ligula, vitae.', 131374.0000, 2, '2008-12-09', '2010-12-09', 7, 19, 53),
	(44, 'ΕΠΙΧΟΡΗΓΗΣΗ 31', 'Lorem ipsum dolor sit amet.', 984652.0000, 4, '2010-11-25', '2014-11-25', 33, 17, 28),
	(45, 'Δ ΕΠΙΧΟΡΗΓΗΣΗ', 'Integer vel augue at elit.', 509257.0000, 4, '2012-05-04', '2016-05-04', 14, 5, 22),
	(46, 'ΕΒ ΕΡΓΟ', 'Lorem ipsum dolor sit amet.', 758765.0000, 4, '2014-05-27', '2018-05-27', 44, 15, 32),
	(47, 'ΒΒ ΕΡΓΟ', 'Sed a dui molestie, dictum.', 911394.0000, 2, '2019-04-09', '2021-04-09', 97, 21, 32),
	(48, 'ΕΡΓΟ 18', 'Sed a dui molestie, dictum.', 887005.0000, 3, '2014-06-11', '2017-06-11', 93, 18, 12),
	(49, 'Ζ ΕΠΙΧΟΡΗΓΗΣΗ', 'Nunc id scelerisque nibh. In.', 133691.0000, 2, '2010-03-23', '2012-03-23', 7, 27, 30),
	(50, 'ΓΑ ΕΡΓΟ', 'Quisque sodales pellentesque ligula, vitae.', 444259.0000, 1, '2014-05-02', '2015-05-02', 17, 14, 38),
	(51, 'ΕΠΙΧΟΡΗΓΗΣΗ 37', 'Integer vel augue at elit.', 995333.0000, 4, '2006-01-08', '2010-01-08', 10, 1, 5),
	(52, 'ΕΡΓΟ 21', 'Lorem ipsum dolor sit amet.', 956133.0000, 3, '2022-10-11', '2025-10-11', 28, 7, 52),
	(53, 'ΕΡΓΟ 2', 'Quisque sodales pellentesque ligula, vitae.', 805114.0000, 3, '2020-07-22', '2023-07-22', 90, 21, 20),
	(54, 'ΕΠΙΧΟΡΗΓΗΣΗ 40', 'Morbi tempor metus a accumsan.', 932097.0000, 1, '2010-06-09', '2011-06-09', 34, 27, 41),
	(55, 'ΕΠΙΧΟΡΗΓΗΣΗ 30', 'Morbi tempor metus a accumsan.', 343670.0000, 4, '2009-03-12', '2013-03-12', 39, 4, 6),
	(56, 'ΕΡΓΟ 3', 'Proin lacus leo, condimentum at.', 624330.0000, 3, '2004-09-20', '2007-09-20', 19, 19, 49),
	(57, 'ΕΠΙΧΟΡΗΓΗΣΗ 27', 'Integer vel augue at elit.', 963368.0000, 4, '2015-12-21', '2019-12-21', 59, 19, 5),
	(58, 'Η ΕΠΙΧΟΡΗΓΗΣΗ', 'Morbi tempor metus a accumsan.', 755991.0000, 2, '2022-09-17', '2024-09-17', 62, 27, 21),
	(59, 'ΕΠΙΧΟΡΗΓΗΣΗ 42', 'Quisque sodales pellentesque ligula, vitae.', 177647.0000, 4, '2022-08-11', '2026-08-11', 84, 23, 50),
	(60, 'ΕΠΙΧΟΡΗΓΗΣΗ 29', 'Nunc id scelerisque nibh. In.', 823353.0000, 1, '2004-02-16', '2005-02-16', 28, 11, 14),
	(61, 'ΒΒ ΕΠΙΧΟΡΗΓΗΣΗ', 'Nunc id scelerisque nibh. In.', 114515.0000, 2, '2005-11-16', '2007-11-16', 94, 6, 6),
	(62, 'ΕΑ ΕΠΙΧΟΡΗΓΗΣΗ', 'Sed sit amet erat ultrices.', 257835.0000, 2, '2021-11-09', '2023-11-09', 21, 15, 29),
	(63, 'ΓΑ ΕΠΙΧΟΡΗΓΗΣΗ', 'Proin lacus leo, condimentum at.', 647432.0000, 2, '2002-12-27', '2004-12-27', 73, 22, 31),
	(64, 'Ζ ΕΡΓΟ', 'Sed a dui molestie, dictum.', 794195.0000, 2, '2014-11-21', '2016-11-21', 36, 30, 30),
	(65, 'ΕΠΙΧΟΡΗΓΗΣΗ 25', 'Sed sit amet erat ultrices.', 668840.0000, 2, '2018-06-05', '2020-06-05', 87, 24, 54),
	(66, 'Γ ΕΡΓΟ', 'Sed sit amet erat ultrices.', 418523.0000, 4, '2018-01-01', '2022-01-01', 32, 6, 53),
	(67, 'ΒΑ ΕΡΓΟ', 'Lorem ipsum dolor sit amet.', 414969.0000, 3, '2013-07-08', '2016-07-08', 59, 3, 33),
	(68, 'Η ΕΡΓΟ', 'Nunc id scelerisque nibh. In.', 851321.0000, 1, '2005-11-12', '2006-11-12', 45, 7, 21),
	(69, 'ΖΑ ΕΡΓΟ', 'Sed sit amet erat ultrices.', 992750.0000, 1, '2005-09-10', '2006-09-10', 33, 5, 15),
	(70, 'ΕΠΙΧΟΡΗΓΗΣΗ 23', 'Proin lacus leo, condimentum at.', 711359.0000, 2, '2013-09-19', '2015-09-19', 31, 17, 13),
	(71, 'ΕΠΙΧΟΡΗΓΗΣΗ 24', 'Sed eleifend quis arcu nec.', 627949.0000, 4, '2020-03-20', '2024-03-20', 58, 2, 19),
	(72, 'ΕΠΙΧΟΡΗΓΗΣΗ 28', 'Sed a dui molestie, dictum.', 585083.0000, 2, '2003-10-05', '2005-10-05', 98, 21, 46),
	(73, 'Β ΕΠΙΧΟΡΗΓΗΣΗ', 'Sed sit amet erat ultrices.', 505961.0000, 1, '2009-05-16', '2010-05-16', 70, 24, 35),
	(74, 'Α ΕΡΓΟ', 'Proin lacus leo, condimentum at.', 133476.0000, 1, '2008-12-14', '2009-12-14', 57, 30, 13),
	(75, 'ΕΠΙΧΟΡΗΓΗΣΗ 26', 'Nam a nibh et ligula.', 211031.0000, 2, '2022-12-04', '2024-12-04', 37, 18, 35),
	(76, 'ΕΡΓΟ 17', 'Integer vel augue at elit.', 534422.0000, 3, '2022-04-19', '2025-04-19', 42, 7, 13),
	(77, 'ΕΡΓΟ 20', 'Morbi tempor metus a accumsan.', 506427.0000, 4, '2013-09-05', '2017-09-05', 81, 24, 48),
	(78, 'Β ΕΡΓΟ', 'Sed eleifend quis arcu nec.', 149180.0000, 3, '2001-06-09', '2004-06-09', 45, 21, 12),
	(79, 'ΕΠΙΧΟΡΗΓΗΣΗ 33', 'Proin lacus leo, condimentum at.', 492022.0000, 4, '2015-11-14', '2019-11-14', 62, 27, 50),
	(80, 'Α ΕΠΙΧΟΡΗΓΗΣΗ', 'Sed eleifend quis arcu nec.', 887603.0000, 2, '2011-10-13', '2013-10-13', 71, 25, 27),
	(81, 'ΕΡΓΟ 13', 'Proin lacus leo, condimentum at.', 780686.0000, 4, '2007-06-21', '2011-06-21', 9, 21, 16),
	(82, 'ΕΡΓΟ 5', 'Sed sit amet erat ultrices.', 686130.0000, 4, '2002-05-24', '2006-05-24', 98, 6, 29),
	(83, 'ΑΑ ΕΠΙΧΟΡΗΓΗΣΗ', 'Lorem ipsum dolor sit amet.', 977999.0000, 3, '2022-05-23', '2025-05-23', 39, 23, 49),
	(84, 'ΔΑ ΕΠΙΧΟΡΗΓΗΣΗ', 'Sed eleifend quis arcu nec.', 747215.0000, 3, '2013-04-14', '2016-04-14', 97, 7, 53),
	(85, 'ZZ ΕΡΓΟ 1', 'Sed eleifend quis arcu nec.', 716231.0000, 3, '2020-12-31', '2023-12-31', 42, 25, 41),
	(86, 'ZZ ΕΡΓΟ 2', 'Sed a dui molestie, dictum.', 632404.0000, 3, '2020-12-31', '2023-12-31', 30, 25, 31),
	(87, 'ZZ ΕΡΓΟ 3', 'Proin lacus leo, condimentum at.', 377036.0000, 4, '2020-12-31', '2024-12-31', 31, 25, 53),
	(89, 'ZZ ΕΡΓΟ 5', 'Nam a nibh et ligula.', 191330.0000, 2, '2020-12-31', '2022-12-31', 89, 25, 36),
	(90, 'ZZ ΕΡΓΟ 6', 'Morbi tempor metus a accumsan.', 402581.0000, 3, '2020-12-31', '2023-12-31', 46, 25, 30),
	(92, 'ZZ ΕΡΓΟ 8', 'Sed a dui molestie, dictum.', 273722.0000, 2, '2020-12-31', '2022-12-31', 85, 25, 11),
	(93, 'ZZ ΕΡΓΟ 9', 'Nunc id scelerisque nibh. In.', 183643.0000, 2, '2020-12-31', '2022-12-31', 37, 25, 36),
	(94, 'ZZ ΕΡΓΟ 10', 'Lorem ipsum dolor sit amet.', 666859.0000, 2, '2020-12-31', '2022-12-31', 19, 25, 7),
	(95, 'ZZ ΕΡΓΟ 11', 'Nunc id scelerisque nibh. In.', 751260.0000, 4, '2020-12-31', '2024-12-31', 3, 4, 6),
	(96, 'ZZ ΕΡΓΟ 12', 'Nunc id scelerisque nibh. In.', 214155.0000, 1, '2020-12-31', '2021-12-31', 17, 4, 15),
	(97, 'ZZ ΕΡΓΟ 13', 'Nam a nibh et ligula.', 819877.0000, 4, '2020-12-31', '2024-12-31', 95, 4, 51),
	(98, 'ZZ ΕΡΓΟ 14', 'Sed a dui molestie, dictum.', 737905.0000, 2, '2020-12-31', '2022-12-31', 62, 4, 26),
	(99, 'ZZ ΕΡΓΟ 15', 'Sed eleifend quis arcu nec.', 927083.0000, 4, '2020-12-31', '2024-12-31', 28, 4, 18),
	(100, 'ZZ ΕΡΓΟ 16', 'Morbi tempor metus a accumsan.', 932956.0000, 3, '2020-12-31', '2023-12-31', 96, 4, 43),
	(101, 'ZZ ΕΡΓΟ 17', 'Integer vel augue at elit.', 307042.0000, 1, '2020-12-31', '2021-12-31', 85, 4, 31),
	(102, 'ZZ ΕΡΓΟ 18', 'Quisque sodales pellentesque ligula, vitae.', 586889.0000, 3, '2020-12-31', '2023-12-31', 32, 4, 56),
	(103, 'ZZ ΕΡΓΟ 19', 'Proin lacus leo, condimentum at.', 667358.0000, 3, '2020-12-31', '2023-12-31', 97, 4, 54),
	(104, 'ZZ ΕΡΓΟ 20', 'Quisque sodales pellentesque ligula, vitae.', 807662.0000, 1, '2020-12-31', '2021-12-31', 79, 4, 3),
	(105, 'ΑΖ ΕΡΓΟ 1', 'Sed eleifend quis arcu nec.', 186533.0000, 4, '2021-12-31', '2025-12-31', 42, 25, 41),
	(106, 'ΑΖ ΕΡΓΟ 2', 'Sed a dui molestie, dictum.', 656155.0000, 3, '2021-12-31', '2024-12-31', 30, 25, 31),
	(107, 'ΑΖ ΕΡΓΟ 3', 'Proin lacus leo, condimentum at.', 255581.0000, 2, '2021-12-31', '2023-12-31', 31, 25, 53),
	(108, 'ΑΖ ΕΡΓΟ 4', 'Integer vel augue at elit.', 292583.0000, 2, '2021-12-31', '2023-12-31', 33, 25, 27),
	(109, 'ΑΖ ΕΡΓΟ 5', 'Nam a nibh et ligula.', 623839.0000, 4, '2021-12-31', '2025-12-31', 89, 25, 36),
	(110, 'ΑΖ ΕΡΓΟ 6', 'Morbi tempor metus a accumsan.', 910522.0000, 4, '2021-12-31', '2025-12-31', 46, 25, 30),
	(111, 'ΑΖ ΕΡΓΟ 7', 'Sed eleifend quis arcu nec.', 584194.0000, 3, '2021-12-31', '2024-12-31', 44, 25, 49),
	(112, 'ΑΖ ΕΡΓΟ 8', 'Sed a dui molestie, dictum.', 883101.0000, 4, '2021-12-31', '2025-12-31', 85, 25, 11),
	(113, 'ΑΖ ΕΡΓΟ 9', 'Nunc id scelerisque nibh. In.', 839618.0000, 1, '2021-12-31', '2022-12-31', 37, 25, 36),
	(115, 'ΑΖ ΕΡΓΟ 11', 'Nunc id scelerisque nibh. In.', 520132.0000, 4, '2021-12-31', '2025-12-31', 3, 4, 6),
	(116, 'ΑΖ ΕΡΓΟ 12', 'Nunc id scelerisque nibh. In.', 438523.0000, 4, '2021-12-31', '2025-12-31', 17, 4, 15),
	(117, 'ΑΖ ΕΡΓΟ 13', 'Nam a nibh et ligula.', 774287.0000, 4, '2021-12-31', '2025-12-31', 95, 4, 51),
	(118, 'ΑΖ ΕΡΓΟ 14', 'Sed a dui molestie, dictum.', 941014.0000, 4, '2021-12-31', '2025-12-31', 62, 4, 26),
	(119, 'ΑΖ ΕΡΓΟ 15', 'Sed eleifend quis arcu nec.', 941600.0000, 2, '2021-12-31', '2023-12-31', 28, 4, 18),
	(120, 'ΑΖ ΕΡΓΟ 16', 'Morbi tempor metus a accumsan.', 293736.0000, 3, '2021-12-31', '2024-12-31', 96, 4, 43),
	(121, 'ΑΖ ΕΡΓΟ 17', 'Integer vel augue at elit.', 967729.0000, 4, '2021-12-31', '2025-12-31', 85, 4, 31),
	(122, 'ΑΖ ΕΡΓΟ 18', 'Quisque sodales pellentesque ligula, vitae.', 790043.0000, 3, '2021-12-31', '2024-12-31', 32, 4, 56),
	(123, 'ΑΖ ΕΡΓΟ 19', 'Proin lacus leo, condimentum at.', 921239.0000, 1, '2021-12-31', '2022-12-31', 97, 4, 54),
	(124, 'ΑΖ ΕΡΓΟ 20', 'Quisque sodales pellentesque ligula, vitae.', 800200.0000, 1, '2021-12-31', '2022-12-31', 79, 4, 3);

-- Dumping structure for πίνακας elidek.project_assessment
CREATE TABLE IF NOT EXISTS `project_assessment` (
  `id` int(11) NOT NULL AUTO_INCREMENT,
  `project_id` int(11) NOT NULL,
  `researcher_id` int(11) NOT NULL,
  `grade` int(3) NOT NULL DEFAULT 0,
  `date` date NOT NULL DEFAULT current_timestamp(),
  PRIMARY KEY (`id`),
  UNIQUE KEY `project_id` (`project_id`),
  KEY `researcher_id` (`researcher_id`),
  CONSTRAINT `project_assessment_ibfk_1` FOREIGN KEY (`project_id`) REFERENCES `projects` (`id`) ON DELETE CASCADE,
  CONSTRAINT `project_assessment_ibfk_2` FOREIGN KEY (`researcher_id`) REFERENCES `researchers` (`id`) ON DELETE CASCADE
) ENGINE=InnoDB AUTO_INCREMENT=85 DEFAULT CHARSET=utf8mb4;

-- Dumping data for table elidek.project_assessment: ~84 rows (approximately)
DELETE FROM `project_assessment`;
INSERT INTO `project_assessment` (`id`, `project_id`, `researcher_id`, `grade`, `date`) VALUES
	(1, 1, 2, 6, '2022-06-05'),
	(2, 2, 33, 5, '2022-06-05'),
	(3, 3, 38, 6, '2022-06-05'),
	(4, 4, 150, 6, '2022-06-05'),
	(5, 5, 66, 7, '2022-06-05'),
	(6, 6, 6, 10, '2022-06-05'),
	(7, 7, 114, 7, '2022-06-05'),
	(8, 8, 12, 9, '2022-06-05'),
	(9, 9, 86, 8, '2022-06-05'),
	(10, 10, 23, 9, '2022-06-05'),
	(11, 11, 35, 9, '2022-06-05'),
	(12, 12, 24, 7, '2022-06-05'),
	(13, 13, 134, 10, '2022-06-05'),
	(14, 14, 12, 5, '2022-06-05'),
	(15, 15, 2, 10, '2022-06-05'),
	(16, 16, 146, 6, '2022-06-05'),
	(17, 17, 121, 5, '2022-06-05'),
	(18, 18, 115, 5, '2022-06-05'),
	(19, 19, 92, 10, '2022-06-05'),
	(20, 20, 120, 10, '2022-06-05'),
	(21, 21, 26, 5, '2022-06-05'),
	(22, 22, 30, 9, '2022-06-05'),
	(23, 23, 55, 7, '2022-06-05'),
	(24, 24, 91, 5, '2022-06-05'),
	(25, 25, 78, 9, '2022-06-05'),
	(26, 26, 133, 9, '2022-06-05'),
	(27, 27, 135, 6, '2022-06-05'),
	(28, 28, 2, 7, '2022-06-05'),
	(29, 29, 25, 5, '2022-06-05'),
	(30, 30, 6, 8, '2022-06-05'),
	(31, 31, 116, 9, '2022-06-05'),
	(32, 32, 27, 8, '2022-06-05'),
	(33, 33, 62, 7, '2022-06-05'),
	(34, 34, 132, 8, '2022-06-05'),
	(35, 35, 115, 5, '2022-06-05'),
	(36, 36, 49, 9, '2022-06-05'),
	(37, 37, 126, 10, '2022-06-05'),
	(38, 38, 2, 8, '2022-06-05'),
	(39, 39, 107, 6, '2022-06-05'),
	(40, 40, 18, 9, '2022-06-05'),
	(41, 41, 107, 6, '2022-06-05'),
	(42, 42, 119, 10, '2022-06-05'),
	(43, 43, 132, 7, '2022-06-05'),
	(44, 44, 60, 5, '2022-06-05'),
	(45, 45, 34, 9, '2022-06-05'),
	(46, 46, 122, 6, '2022-06-05'),
	(47, 47, 124, 7, '2022-06-05'),
	(48, 48, 41, 6, '2022-06-05'),
	(49, 49, 11, 10, '2022-06-05'),
	(50, 50, 100, 7, '2022-06-05'),
	(51, 51, 139, 8, '2022-06-05'),
	(52, 52, 114, 5, '2022-06-05'),
	(53, 53, 138, 8, '2022-06-05'),
	(54, 54, 134, 10, '2022-06-05'),
	(55, 55, 13, 9, '2022-06-05'),
	(56, 56, 84, 5, '2022-06-05'),
	(57, 57, 3, 7, '2022-06-05'),
	(58, 58, 55, 8, '2022-06-05'),
	(59, 59, 21, 10, '2022-06-05'),
	(60, 60, 90, 9, '2022-06-05'),
	(61, 61, 128, 7, '2022-06-05'),
	(62, 62, 16, 8, '2022-06-05'),
	(63, 63, 137, 7, '2022-06-05'),
	(64, 64, 130, 6, '2022-06-05'),
	(65, 65, 123, 7, '2022-06-05'),
	(66, 66, 122, 8, '2022-06-05'),
	(67, 67, 147, 9, '2022-06-05'),
	(68, 68, 117, 7, '2022-06-05'),
	(69, 69, 90, 6, '2022-06-05'),
	(70, 70, 140, 5, '2022-06-05'),
	(71, 71, 81, 8, '2022-06-05'),
	(72, 72, 133, 6, '2022-06-05'),
	(73, 73, 16, 10, '2022-06-05'),
	(74, 74, 88, 8, '2022-06-05'),
	(75, 75, 141, 7, '2022-06-05'),
	(76, 76, 139, 7, '2022-06-05'),
	(77, 77, 140, 10, '2022-06-05'),
	(78, 78, 25, 10, '2022-06-05'),
	(79, 79, 86, 6, '2022-06-05'),
	(80, 80, 14, 5, '2022-06-05'),
	(81, 81, 116, 8, '2022-06-05'),
	(82, 82, 42, 7, '2022-06-05'),
	(83, 83, 33, 9, '2022-06-05'),
	(84, 84, 142, 8, '2022-06-05');

-- Dumping structure for πίνακας elidek.project_scientific_fields
CREATE TABLE IF NOT EXISTS `project_scientific_fields` (
  `id` int(11) NOT NULL AUTO_INCREMENT,
  `project_id` int(11) NOT NULL,
  `scientific_field_id` int(11) NOT NULL,
  PRIMARY KEY (`id`),
  KEY `project_id` (`project_id`),
  KEY `scientific_field_id` (`scientific_field_id`),
  CONSTRAINT `project_scientific_fields_ibfk_1` FOREIGN KEY (`project_id`) REFERENCES `projects` (`id`) ON DELETE CASCADE,
  CONSTRAINT `project_scientific_fields_ibfk_2` FOREIGN KEY (`scientific_field_id`) REFERENCES `scientific_fields` (`id`) ON DELETE CASCADE
) ENGINE=InnoDB AUTO_INCREMENT=170 DEFAULT CHARSET=utf8mb4;

-- Dumping data for table elidek.project_scientific_fields: ~169 rows (approximately)
DELETE FROM `project_scientific_fields`;
INSERT INTO `project_scientific_fields` (`id`, `project_id`, `scientific_field_id`) VALUES
	(1, 1, 5),
	(2, 2, 12),
	(3, 3, 2),
	(4, 4, 3),
	(5, 5, 5),
	(6, 6, 4),
	(7, 7, 10),
	(8, 8, 2),
	(9, 9, 11),
	(10, 10, 8),
	(11, 11, 12),
	(12, 12, 6),
	(13, 13, 12),
	(14, 14, 1),
	(15, 15, 9),
	(16, 16, 4),
	(17, 17, 5),
	(18, 18, 6),
	(19, 19, 10),
	(20, 20, 9),
	(21, 21, 12),
	(22, 22, 6),
	(23, 23, 2),
	(24, 24, 8),
	(25, 25, 4),
	(26, 26, 4),
	(27, 27, 9),
	(28, 28, 10),
	(29, 29, 5),
	(30, 30, 10),
	(31, 31, 7),
	(32, 32, 6),
	(33, 33, 4),
	(34, 34, 8),
	(35, 35, 1),
	(36, 36, 9),
	(37, 37, 2),
	(38, 38, 2),
	(39, 39, 9),
	(40, 40, 5),
	(41, 41, 1),
	(42, 42, 1),
	(43, 43, 7),
	(44, 44, 6),
	(45, 45, 1),
	(46, 46, 5),
	(47, 47, 1),
	(48, 48, 9),
	(49, 49, 11),
	(50, 50, 1),
	(51, 51, 3),
	(52, 52, 5),
	(53, 53, 12),
	(54, 54, 11),
	(55, 55, 4),
	(56, 56, 4),
	(57, 57, 8),
	(58, 58, 8),
	(59, 59, 9),
	(60, 60, 3),
	(61, 61, 1),
	(62, 62, 6),
	(63, 63, 9),
	(64, 64, 1),
	(65, 65, 1),
	(66, 66, 11),
	(67, 67, 7),
	(68, 68, 7),
	(69, 69, 3),
	(70, 70, 5),
	(71, 71, 4),
	(72, 72, 7),
	(73, 73, 12),
	(74, 74, 10),
	(75, 75, 2),
	(76, 76, 8),
	(77, 77, 7),
	(78, 78, 8),
	(79, 79, 10),
	(80, 80, 5),
	(81, 81, 8),
	(82, 82, 7),
	(83, 83, 12),
	(84, 84, 8),
	(85, 71, 1),
	(86, 9, 9),
	(87, 29, 5),
	(88, 9, 1),
	(89, 4, 12),
	(90, 65, 9),
	(91, 25, 2),
	(92, 17, 1),
	(93, 34, 1),
	(94, 39, 9),
	(95, 13, 3),
	(96, 42, 9),
	(97, 4, 4),
	(98, 35, 8),
	(99, 51, 7),
	(100, 69, 4),
	(101, 61, 1),
	(102, 45, 3),
	(103, 62, 5),
	(104, 7, 9),
	(105, 39, 10),
	(106, 16, 5),
	(107, 69, 4),
	(108, 29, 12),
	(109, 71, 9),
	(110, 43, 6),
	(111, 37, 4),
	(112, 72, 2),
	(113, 35, 9),
	(114, 71, 4),
	(115, 26, 12),
	(116, 30, 2),
	(117, 66, 5),
	(118, 27, 2),
	(119, 17, 9),
	(120, 52, 1),
	(121, 58, 2),
	(122, 52, 2),
	(123, 16, 12),
	(124, 23, 11),
	(125, 15, 10),
	(126, 81, 11),
	(127, 64, 6),
	(128, 11, 5),
	(129, 13, 12),
	(130, 66, 5),
	(131, 21, 1),
	(132, 58, 6),
	(133, 44, 10),
	(134, 48, 10),
	(135, 63, 9),
	(136, 70, 2),
	(137, 53, 4),
	(138, 18, 10),
	(139, 79, 2),
	(140, 10, 9),
	(141, 64, 11),
	(142, 1, 3),
	(143, 56, 10),
	(144, 68, 7),
	(145, 54, 11),
	(146, 33, 7),
	(147, 39, 6),
	(148, 57, 9),
	(149, 76, 1),
	(150, 26, 2),
	(151, 11, 10),
	(152, 36, 2),
	(153, 31, 9),
	(154, 31, 12),
	(155, 1, 12),
	(156, 27, 6),
	(157, 4, 2),
	(158, 13, 12),
	(159, 33, 5),
	(160, 7, 11),
	(161, 45, 6),
	(162, 15, 1),
	(163, 21, 10),
	(164, 31, 3),
	(165, 9, 2),
	(166, 13, 12),
	(167, 37, 3),
	(168, 19, 8),
	(169, 78, 6);

-- Dumping structure for πίνακας elidek.researchers
CREATE TABLE IF NOT EXISTS `researchers` (
  `id` int(11) NOT NULL AUTO_INCREMENT,
  `name` varchar(255) NOT NULL,
  `surname` varchar(15) NOT NULL,
  `sex` tinyint(4) NOT NULL,
  `date_of_birth` date DEFAULT NULL,
  `start_date_work` date DEFAULT NULL,
  `organization_works_id` int(11) NOT NULL,
  PRIMARY KEY (`id`),
  KEY `organization_works_id` (`organization_works_id`),
  CONSTRAINT `researchers_ibfk_1` FOREIGN KEY (`organization_works_id`) REFERENCES `organizations` (`id`)
) ENGINE=InnoDB AUTO_INCREMENT=151 DEFAULT CHARSET=utf8mb4;

-- Dumping data for table elidek.researchers: ~150 rows (approximately)
DELETE FROM `researchers`;
INSERT INTO `researchers` (`id`, `name`, `surname`, `sex`, `date_of_birth`, `start_date_work`, `organization_works_id`) VALUES
	(1, 'Γέμελλος', 'Παπανικολάου', 1, '1990-06-26', '2016-08-01', 12),
	(2, 'Ερμελίντα', 'Βερβεριάδου', 2, '1983-05-27', '2015-02-25', 38),
	(3, 'Αλέξανδρος', 'Παυλόπουλος', 1, '1965-11-25', '2016-11-23', 16),
	(4, 'Διατσέντα', 'Βελκιάδου', 2, '1988-11-23', '2018-04-02', 12),
	(5, 'Στυλιανός', 'Αγγελίδου', 1, '1969-09-10', '2018-09-23', 9),
	(6, 'Αλίκη', 'Βαλατιάδου', 2, '1975-12-01', '2017-04-01', 47),
	(7, 'Διονύσιος', 'Διαμαντίδης', 1, '1976-10-15', '2015-05-14', 2),
	(8, 'Γεωργία', 'Αϊβαθιάδου', 2, '1967-02-13', '2021-06-09', 48),
	(9, 'Ηλέκτρα', 'Καβαδοπούλου', 2, '1972-02-26', '2019-12-05', 25),
	(10, 'Γεωργία', 'Φουλοπούλου', 2, '1965-09-26', '2021-09-05', 18),
	(11, 'Κική', 'Ζαραφοπούλου', 2, '1988-09-22', '2021-11-19', 47),
	(12, 'Υακίνθη', 'Καλαιτζοπούλου', 2, '1970-10-06', '2016-04-12', 43),
	(13, 'Χαραλαμπία', 'Ναϊδοπούλου', 2, '1995-05-03', '2022-09-09', 43),
	(14, 'Ωραιοζήλη', 'Νανοπούλου', 2, '1981-12-09', '2021-04-11', 43),
	(15, 'Αθανασία', 'Αϊβατιάδου', 2, '1989-10-09', '2016-04-14', 46),
	(16, 'Βανέσα', 'Βασιλειάδου', 2, '1969-08-07', '2018-01-14', 13),
	(17, 'Αργυρώ', 'Καβουκοπούλου', 2, '1974-07-14', '2021-03-11', 5),
	(18, 'Όλγα', 'Ανοιξιάδου', 2, '1975-05-09', '2019-06-09', 31),
	(19, 'Λουκία', 'Καβουροπούλου', 2, '1965-09-11', '2019-03-27', 6),
	(20, 'Άννα', 'Βαριάδου', 2, '1984-10-07', '2022-08-27', 42),
	(21, 'Στυλιανός', 'Αγγελίδου', 1, '1965-07-11', '2015-01-17', 37),
	(22, 'Λυσίας', 'Αντωνιάδης', 1, '1983-07-27', '2021-07-07', 32),
	(23, 'Ευάγγελος', 'Δημητροπούλου', 1, '1968-11-21', '2018-09-12', 4),
	(24, 'Διονύσιος', 'Διαμαντίδης', 1, '1971-08-27', '2015-01-17', 27),
	(25, 'Απόστολος', 'Παπαχρήστος', 1, '1980-02-15', '2021-01-22', 50),
	(26, 'Θωμάς', 'Ζολώτας', 1, '1968-10-22', '2016-12-21', 7),
	(27, 'Σπυρίδων', 'Αθανασιάδης', 1, '1973-11-18', '2022-10-21', 40),
	(28, 'Λεωνίδας', 'Σπανός', 1, '1993-10-01', '2020-02-26', 4),
	(29, 'Λάζαρος', 'Σπηλιωτόπουλος', 1, '1972-05-04', '2018-08-10', 15),
	(30, 'Κρέων', 'Ευταξίας', 1, '1986-02-22', '2019-09-27', 35),
	(31, 'Κύριλλος', 'Σταύρου', 1, '1973-06-14', '2017-04-19', 36),
	(32, 'Σωτήριος', 'Αγγελίδης', 1, '1980-12-15', '2017-12-06', 40),
	(33, 'Απόστολος', 'Γεωργιάδης', 1, '1969-05-12', '2016-04-21', 19),
	(34, 'Γέμελλος', 'Παπανικολάου', 1, '1965-06-12', '2018-02-22', 47),
	(35, 'Σαράντης', 'Αλιβιζάτος', 1, '1990-04-07', '2019-05-06', 50),
	(36, 'Θωμάς', 'Δελή', 1, '1973-12-08', '2021-11-09', 22),
	(37, 'Παναγιώτης', 'Σημηριώτης', 1, '1985-12-19', '2019-10-23', 37),
	(38, 'Κανάκης', 'Ζαφειριάδης', 1, '1995-07-08', '2015-06-15', 37),
	(39, 'Ακίνδυνος', 'Γιωτόπουλος', 1, '1978-04-05', '2016-06-04', 33),
	(40, 'Στυλιανός', 'Πρωτονοτάριος', 1, '1983-12-23', '2019-04-01', 34),
	(41, 'Κανάκης', 'Δέδες', 1, '1984-04-05', '2016-05-22', 3),
	(42, 'Αλέξανδρος', 'Παυλόπουλος', 1, '1971-03-27', '2021-09-05', 32),
	(43, 'Σιλουανός', 'Αθανασούλας', 1, '1970-12-17', '2021-02-05', 9),
	(44, 'Πτολεμαίος', 'Αναστασίου', 1, '1979-12-21', '2016-04-22', 13),
	(45, 'Άδωνης', 'Πέτσας', 1, '1996-09-02', '2020-05-15', 28),
	(46, 'Σίλβεστρος', 'Αλεξίου', 1, '1982-05-19', '2015-06-08', 27),
	(47, 'Λαέρτης', 'Σπυρόπουλος', 1, '1973-05-11', '2021-03-22', 20),
	(48, 'Λάμπρος', 'Εμμανουηλίδης', 1, '1977-04-21', '2017-01-07', 6),
	(49, 'Βρασίδας', 'Παπαντωνίου', 1, '1990-08-24', '2019-03-25', 49),
	(50, 'Ανάργυρος', 'Πασαλίδης', 1, '1997-05-11', '2022-12-25', 24),
	(51, 'Άδωνης', 'Γονατάς', 1, '1988-06-15', '2015-02-09', 7),
	(52, 'Μιλτιάδης', 'Ανδρουλάκης', 1, '1975-04-15', '2022-07-18', 47),
	(53, 'Θεοχάρης', 'Θάνος', 1, '1974-08-10', '2018-07-10', 42),
	(54, 'Κύκκος', 'Σταθόπουλος', 1, '1966-12-15', '2021-04-21', 11),
	(55, 'Βρασίδας', 'Γεννηματάς', 1, '1990-02-23', '2016-01-16', 29),
	(56, 'Θαρενός', 'Θάνου', 1, '1969-01-20', '2018-09-15', 1),
	(57, 'Παναγιώτης', 'Αναστασιάδης', 1, '1985-06-09', '2015-05-23', 38),
	(58, 'Ευάγγελος', 'Θεοφιλόπουλος', 1, '1965-04-17', '2021-11-25', 4),
	(59, 'Αλέξανδρος', 'Γιαννουκάκης', 1, '1991-05-27', '2022-01-02', 4),
	(60, 'Σαράντης', 'Σαμαράς', 1, '1994-04-25', '2021-06-27', 39),
	(61, 'Λάζαρος', 'Εμμανουηλίδου', 1, '1968-07-02', '2018-06-24', 46),
	(62, 'Κρέων', 'Στεφανόπουλος', 1, '1966-05-01', '2020-05-17', 47),
	(63, 'Λεωνίδας', 'Ελευθεριάδης', 1, '1977-08-24', '2022-02-23', 18),
	(64, 'Ακίνδυνος', 'Γραμματικόπουλο', 1, '1981-09-21', '2016-12-17', 33),
	(65, 'Δίδυμος', 'Διαμαντόπουλος', 1, '1978-05-01', '2017-02-02', 41),
	(66, 'Ηλίας', 'Δημαράς', 1, '1977-12-06', '2018-11-10', 49),
	(67, 'Σωτήριος', 'Πουλόπουλος', 1, '1996-04-01', '2022-07-18', 13),
	(68, 'Σπυρίδων', 'Ραγκαβής', 1, '1994-06-14', '2021-03-06', 43),
	(69, 'Πτολεμαίος', 'Σερπετζόγλου', 1, '1995-11-04', '2015-01-24', 44),
	(70, 'Ευστάθιος', 'Θεοδοσιάδης', 1, '1976-01-11', '2020-07-09', 7),
	(71, 'Ελένη', 'Βεντιάδου', 2, '1979-09-06', '2019-07-01', 5),
	(72, 'Ανουτσιάτα', 'Βαρυτιμιάδου', 2, '1968-10-17', '2018-01-07', 40),
	(73, 'Σωτήριος', 'Αγγελίδης', 1, '1982-07-11', '2017-10-10', 26),
	(74, 'Αργυρώ', 'Βαρυθυμιάδου', 2, '1984-09-18', '2021-07-02', 12),
	(75, 'Μαργαρίτα', 'Καγοπούλου', 2, '1982-11-20', '2021-01-05', 4),
	(76, 'Αργέντω', 'Βερνάδου', 2, '1980-04-25', '2022-06-12', 30),
	(77, 'Άρτεμις', 'Φλωρομοσχοπούλο', 2, '1969-03-24', '2016-09-20', 50),
	(78, 'Σταματίνα', 'Κακανοπούλου', 2, '1968-12-06', '2017-11-14', 16),
	(79, 'Αλίκη', 'Ναρτοπούλου', 2, '1993-08-24', '2018-05-14', 12),
	(80, 'Αλίκη', 'Αμανατιάδου', 2, '1996-01-23', '2018-01-14', 43),
	(81, 'Τσιτσέκα', 'Καλαβατσοπούλου', 2, '1980-12-08', '2017-06-24', 19),
	(82, 'Κασσάνδρα', 'Καββοπούλου', 2, '1974-02-16', '2020-09-21', 39),
	(83, 'Ευθυμία', 'Βεργιάδου', 2, '1977-05-12', '2022-04-08', 21),
	(84, 'Υακίνθη', 'Ασκληπιάδου', 2, '1984-04-27', '2022-02-13', 47),
	(85, 'Ανουτσιάτα', 'Αφθονιάδου', 2, '1986-12-03', '2018-11-14', 27),
	(86, 'Τιτάνια', 'Αρτεμισιάδου', 2, '1989-10-16', '2017-03-15', 4),
	(87, 'Θωμάς', 'Δελή', 1, '1990-01-07', '2015-12-06', 16),
	(88, 'Αργέντω', 'Βαρκάδου', 2, '1992-08-11', '2018-02-01', 6),
	(89, 'Άδωνης', 'Γονατάς', 1, '1975-09-01', '2019-04-11', 13),
	(90, 'Στυλιανός', 'Πρωτονοτάριος', 1, '1979-11-19', '2021-06-10', 24),
	(91, 'Ολίβια', 'Καζαζοπούλου', 2, '1993-10-22', '2021-10-05', 7),
	(92, 'Αργυρώ', 'Καβασοπούλου', 2, '1983-07-09', '2018-07-20', 2),
	(93, 'Μπία', 'Καδηγιαννοπούλο', 2, '1980-06-24', '2020-04-12', 5),
	(94, 'Άλκηστη', 'Βανεζιάδου', 2, '1972-09-24', '2019-02-25', 14),
	(95, 'Χάιδω', 'Ναζυροπούλου', 2, '1978-08-25', '2019-10-02', 27),
	(96, 'Τιτάνια', 'Κακοπούλου', 2, '1987-08-14', '2022-08-23', 11),
	(97, 'Μαργαρίτα', 'Ανδριάδου', 2, '1989-08-13', '2017-03-04', 5),
	(98, 'Έφη', 'Αλιμπερτάδου', 2, '1997-08-27', '2021-07-23', 34),
	(99, 'Ρούλα', 'Απατζιάδου', 2, '1969-08-17', '2017-11-01', 10),
	(100, 'Κύριλλος', 'Σταύρου', 1, '1997-09-12', '2019-12-24', 20),
	(101, 'Λήδα', 'Καβουνοπούλου', 2, '1984-08-14', '2022-01-08', 9),
	(102, 'Πτολεμαίος', 'Αναστασίου', 1, '1989-05-24', '2019-12-04', 50),
	(103, 'Λαέρτης', 'Σπυρόπουλος', 1, '1965-08-07', '2015-06-01', 37),
	(104, 'Όλγα', 'Καζακοπούλου', 2, '1983-02-06', '2021-06-15', 13),
	(105, 'Διαλεχτή', 'Βελιάδου', 2, '1987-10-15', '2021-07-13', 20),
	(106, 'Ρία', 'Ανφιμιάδου', 2, '1996-04-25', '2019-10-01', 49),
	(107, 'Θεοχάρης', 'Θάνος', 1, '1967-01-07', '2017-01-11', 3),
	(108, 'Ναυσικά', 'Ανθημιάδου', 2, '1978-05-21', '2017-01-16', 45),
	(109, 'Βαρβάρα', 'Καλαθοπούλου', 2, '1988-05-07', '2017-07-02', 5),
	(110, 'Χάιδω', 'Αυξεντιάδου', 2, '1997-11-04', '2022-07-14', 14),
	(111, 'Άλκηστη', 'Αμπεριάδου', 2, '1968-08-26', '2017-04-27', 27),
	(112, 'Αλύσσα', 'Ανθιμιάδου', 2, '1992-09-08', '2017-06-16', 26),
	(113, 'Θωμαή', 'Ζαννετοπούλου', 2, '1983-01-02', '2018-08-22', 24),
	(114, 'Αλίκη', 'Αλτζιτζιάδου', 2, '1970-08-22', '2019-08-24', 16),
	(115, 'Αργεντίνα', 'Βασιάδου', 2, '1977-09-08', '2022-12-13', 40),
	(116, 'Απόστολος', 'Γεωργιάδης', 1, '1980-05-07', '2020-02-27', 17),
	(117, 'Σαράντης', 'Αλιβιζάτος', 1, '1993-02-09', '2016-04-19', 22),
	(118, 'Αργέντω', 'Βενετιάδου', 2, '1982-01-08', '2017-04-08', 50),
	(119, 'Δήμητρα', 'Φουντανοπούλου', 2, '1994-07-04', '2016-12-07', 43),
	(120, 'Ελένη', 'Ζαδικοπούλου', 2, '1972-06-23', '2017-08-06', 40),
	(121, 'Σιλουανός', 'Αθανασούλας', 1, '1988-06-11', '2021-03-25', 36),
	(122, 'Ευαγγελία', 'Ζαζοπούλου', 2, '1980-11-01', '2019-08-18', 48),
	(123, 'Σπυρίδων', 'Αθανασιάδης', 1, '1973-10-16', '2020-10-02', 15),
	(124, 'Γεωργία', 'Φλωροπούλου', 2, '1967-10-08', '2016-11-10', 46),
	(125, 'Ζουμπουλιά', 'Ζαμενοπούλου', 2, '1973-11-27', '2021-03-09', 19),
	(126, 'Ναζλή', 'Ανεστιάδου', 2, '1969-07-23', '2022-07-13', 28),
	(127, 'Σούλα', 'Αριστηάδου', 2, '1973-12-19', '2021-12-20', 32),
	(128, 'Καρολίνα', 'Καββαδοπούλου', 2, '1971-05-09', '2017-12-02', 7),
	(129, 'Σία', 'Καιδοπούλου', 2, '1992-03-04', '2019-11-09', 22),
	(130, 'Αγγελική', 'Αδαμαντιάδου', 2, '1974-01-09', '2020-05-11', 37),
	(131, 'Λεωνίδας', 'Σπανός', 1, '1985-01-07', '2021-12-13', 49),
	(132, 'Αναστασία', 'Νασκοπούλου', 2, '1987-04-19', '2016-07-03', 42),
	(133, 'Ανουτσιάτα', 'Νασσοπούλου', 2, '1974-09-05', '2020-07-24', 46),
	(134, 'Σίλβεστρος', 'Αλεξίου', 1, '1996-02-24', '2019-10-05', 24),
	(135, 'Ευάγγελος', 'Δημητροπούλου', 1, '1982-08-12', '2016-09-12', 11),
	(136, 'Απόστολος', 'Παπαχρήστος', 1, '1970-02-20', '2016-08-04', 1),
	(137, 'Γεωργία', 'Ναζοπούλου', 2, '1977-10-22', '2020-02-04', 37),
	(138, 'Κανάκης', 'Ζαφειριάδης', 1, '1985-01-23', '2020-08-12', 25),
	(139, 'Ευαγγελία', 'Αλευριάδου', 2, '1994-08-02', '2017-04-23', 2),
	(140, 'Κρέων', 'Ευταξίας', 1, '1965-01-06', '2017-07-05', 38),
	(141, 'Βρασίδας', 'Παπαντωνίου', 1, '1967-12-13', '2015-12-02', 4),
	(142, 'Αργεντίνα', 'Αγγειάδου', 2, '1977-02-18', '2017-11-06', 14),
	(143, 'Ευσταθία', 'Ζαιροπούλου', 2, '1983-11-02', '2022-05-20', 10),
	(144, 'Ήρα', 'Καβαθατζοπούλου', 2, '1983-02-11', '2020-06-04', 13),
	(145, 'Ζουμπουλιά', 'Βιάδου', 2, '1975-01-01', '2015-07-16', 39),
	(146, 'Ηλέκτρα', 'Ζαμπονοπούλου', 2, '1987-05-11', '2021-08-05', 6),
	(147, 'Φοίβη', 'Ατματζιάδου', 2, '1979-07-24', '2018-01-26', 33),
	(148, 'Δήμητρα', 'Ζαμανοπούλου', 2, '1983-02-22', '2021-05-23', 28),
	(149, 'Βρασίδας', 'Γεννηματάς', 1, '1992-02-13', '2019-04-11', 28),
	(150, 'Ιωάννης', 'Ζέρβας', 1, '1987-11-06', '2019-12-02', 17);

-- Dumping structure for πίνακας elidek.researcher_on_project
CREATE TABLE IF NOT EXISTS `researcher_on_project` (
  `id` int(11) NOT NULL AUTO_INCREMENT,
  `project_id` int(11) NOT NULL,
  `researcher_id` int(11) NOT NULL,
  PRIMARY KEY (`id`),
  KEY `researcher_id` (`researcher_id`),
  KEY `researcher_on_project_projects_id_fk` (`project_id`),
  CONSTRAINT `researcher_on_project_ibfk_2` FOREIGN KEY (`researcher_id`) REFERENCES `researchers` (`id`) ON DELETE CASCADE,
  CONSTRAINT `researcher_on_project_projects_id_fk` FOREIGN KEY (`project_id`) REFERENCES `projects` (`id`) ON DELETE CASCADE
) ENGINE=InnoDB AUTO_INCREMENT=486 DEFAULT CHARSET=utf8mb4;

-- Dumping data for table elidek.researcher_on_project: ~179 rows (approximately)
DELETE FROM `researcher_on_project`;
INSERT INTO `researcher_on_project` (`id`, `project_id`, `researcher_id`) VALUES
	(307, 1, 36),
	(308, 2, 95),
	(309, 3, 27),
	(310, 4, 74),
	(311, 5, 34),
	(312, 6, 2),
	(313, 7, 12),
	(314, 8, 134),
	(315, 9, 17),
	(316, 10, 73),
	(317, 11, 133),
	(318, 12, 12),
	(319, 13, 39),
	(320, 14, 65),
	(321, 15, 92),
	(322, 16, 79),
	(323, 17, 52),
	(324, 18, 68),
	(325, 19, 133),
	(326, 20, 126),
	(327, 21, 123),
	(328, 22, 146),
	(329, 23, 134),
	(330, 24, 86),
	(331, 25, 49),
	(332, 26, 74),
	(333, 27, 28),
	(334, 28, 40),
	(335, 29, 71),
	(336, 30, 13),
	(337, 31, 61),
	(338, 32, 129),
	(339, 33, 80),
	(340, 34, 71),
	(341, 35, 25),
	(342, 36, 2),
	(343, 37, 88),
	(344, 38, 3),
	(345, 39, 119),
	(346, 40, 74),
	(347, 41, 33),
	(348, 42, 83),
	(349, 43, 53),
	(350, 44, 139),
	(351, 45, 61),
	(352, 46, 93),
	(353, 47, 75),
	(354, 48, 32),
	(355, 49, 88),
	(356, 50, 33),
	(357, 51, 43),
	(358, 52, 24),
	(359, 53, 31),
	(360, 54, 149),
	(361, 55, 85),
	(362, 56, 74),
	(363, 57, 111),
	(364, 58, 89),
	(365, 59, 128),
	(366, 60, 110),
	(367, 61, 98),
	(368, 62, 51),
	(369, 63, 95),
	(370, 64, 144),
	(371, 65, 76),
	(372, 66, 26),
	(373, 67, 80),
	(374, 68, 125),
	(375, 69, 25),
	(376, 70, 75),
	(377, 71, 144),
	(378, 72, 41),
	(379, 73, 77),
	(380, 74, 63),
	(381, 75, 138),
	(382, 76, 134),
	(383, 77, 125),
	(384, 78, 125),
	(385, 79, 98),
	(386, 80, 46),
	(387, 81, 150),
	(388, 82, 94),
	(389, 83, 128),
	(390, 84, 42),
	(391, 21, 132),
	(392, 70, 103),
	(393, 15, 115),
	(394, 4, 99),
	(395, 18, 9),
	(396, 20, 12),
	(397, 22, 82),
	(398, 7, 59),
	(399, 43, 120),
	(400, 17, 30),
	(401, 52, 81),
	(402, 45, 133),
	(403, 42, 111),
	(404, 69, 97),
	(405, 45, 149),
	(406, 80, 106),
	(407, 16, 123),
	(408, 25, 4),
	(409, 38, 45),
	(410, 67, 81),
	(411, 59, 129),
	(412, 19, 23),
	(413, 60, 22),
	(414, 35, 79),
	(415, 59, 114),
	(416, 14, 80),
	(417, 63, 122),
	(418, 7, 85),
	(419, 9, 73),
	(420, 7, 56),
	(421, 49, 132),
	(422, 37, 28),
	(423, 6, 11),
	(424, 32, 80),
	(425, 14, 147),
	(426, 51, 106),
	(427, 60, 28),
	(428, 8, 95),
	(429, 61, 42),
	(430, 68, 39),
	(431, 66, 51),
	(432, 50, 34),
	(433, 13, 31),
	(434, 5, 134),
	(435, 24, 93),
	(436, 68, 100),
	(437, 79, 20),
	(438, 3, 71),
	(439, 62, 132),
	(440, 12, 11),
	(441, 6, 95),
	(442, 52, 147),
	(443, 30, 87),
	(444, 82, 50),
	(445, 39, 45),
	(446, 11, 133),
	(447, 11, 134),
	(448, 11, 74),
	(449, 11, 12),
	(450, 11, 51),
	(451, 49, 133),
	(452, 49, 134),
	(453, 49, 74),
	(454, 49, 12),
	(455, 49, 51),
	(456, 62, 133),
	(457, 62, 134),
	(458, 62, 74),
	(459, 62, 12),
	(460, 62, 51),
	(461, 15, 133),
	(462, 15, 134),
	(463, 15, 74),
	(464, 15, 12),
	(465, 15, 51),
	(466, 55, 133),
	(467, 55, 134),
	(468, 55, 74),
	(469, 55, 12),
	(470, 55, 51),
	(471, 83, 133),
	(472, 83, 134),
	(473, 83, 74),
	(474, 83, 12),
	(475, 83, 51),
	(476, 58, 133),
	(477, 58, 134),
	(478, 58, 74),
	(479, 58, 12),
	(480, 58, 51),
	(481, 73, 133),
	(482, 73, 134),
	(483, 73, 74),
	(484, 73, 12),
	(485, 73, 51);

-- Dumping structure for πίνακας elidek.scientific_fields
CREATE TABLE IF NOT EXISTS `scientific_fields` (
  `id` int(11) NOT NULL AUTO_INCREMENT,
  `description` varchar(255) NOT NULL,
  PRIMARY KEY (`id`)
) ENGINE=InnoDB AUTO_INCREMENT=13 DEFAULT CHARSET=utf8mb4;

-- Dumping data for table elidek.scientific_fields: ~12 rows (approximately)
DELETE FROM `scientific_fields`;
INSERT INTO `scientific_fields` (`id`, `description`) VALUES
	(1, 'Φυσική'),
	(2, 'Χημεία'),
	(3, 'Οικολογία'),
	(4, 'Ωκεανογραφία'),
	(5, 'Γεωλογία'),
	(6, 'Μετεωρολογία'),
	(7, 'Βιολογία'),
	(8, 'Ζωολογία'),
	(9, 'Βοτανική'),
	(10, 'Μαθηματικά'),
	(11, 'Υπολογιστές'),
	(12, 'Πληροφορική');

/*!40103 SET TIME_ZONE=IFNULL(@OLD_TIME_ZONE, 'system') */;
/*!40101 SET SQL_MODE=IFNULL(@OLD_SQL_MODE, '') */;
/*!40014 SET FOREIGN_KEY_CHECKS=IFNULL(@OLD_FOREIGN_KEY_CHECKS, 1) */;
/*!40101 SET CHARACTER_SET_CLIENT=@OLD_CHARACTER_SET_CLIENT */;
/*!40111 SET SQL_NOTES=IFNULL(@OLD_SQL_NOTES, 1) */;
